URL,Province,Name
https://www.google.com/maps/place/ShinKids+-+Si%C3%AAu+Th%E1%BB%8B+M%E1%BA%B9+V%C3%A0+B%C3%A9/data=!4m7!3m6!1s0x3135ab0b2985ffd3:0x637826027e905e3f!8m2!3d21.0232016!4d105.7996655!16s%2Fg%2F11p02qk3hw!19sChIJ0_-FKQurNTERP16QfgImeGM?authuser=0&hl=en&rclk=1,Hà Nội,Siêu thị mẹ và bé ở Hà Nội
https://www.google.com/maps/place/Si%C3%AAu+th%E1%BB%8B+m%E1%BA%B9+v%C3%A0+b%C3%A9+Violet+Pham/data=!4m7!3m6!1s0x3135ab4a835695d7:0xc72b6e04aa94a450!8m2!3d21.0364225!4d105.7843016!16s%2Fg%2F1thzlcc2!19sChIJ15VWg0qrNTERUKSUqgRuK8c?authuser=0&hl=en&rclk=1,Hà Nội,Siêu thị mẹ và bé ở Hà Nội
https://www.google.com/maps/place/Si%C3%AAu+Th%E1%BB%8B+M%E1%BA%B9+V%C3%A0+B%C3%A9+OVmart+-+L%C3%AA+Tr%E1%BB%8Dng+T%E1%BA%A5n/data=!4m7!3m6!1s0x3135ac63d77746d1:0x1fe34b8c0a53481f!8m2!3d20.9918395!4d105.832637!16s%2Fg%2F11hd1qhmwh!19sChIJ0UZ312OsNTERH0hTCoxL4x8?authuser=0&hl=en&rclk=1,Hà Nội,Siêu thị mẹ và bé ở Hà Nội
https://www.google.com/maps/place/Si%C3%AAu+Th%E1%BB%8B+M%E1%BA%B9+V%C3%A0+B%C3%A9+Baby+Kid/data=!4m7!3m6!1s0x3135ac886ec4b2d5:0x2588df4eca86226d!8m2!3d20.9969337!4d105.8268579!16s%2Fg%2F1pzr1wnx3!19sChIJ1bLEboisNTERbSKGyk7fiCU?authuser=0&hl=en&rclk=1,Hà Nội,Siêu thị mẹ và bé ở Hà Nội
https://www.google.com/maps/place/M%E1%BA%B9+v%C3%A0+B%C3%A9/data=!4m7!3m6!1s0x3135ad591dddecb5:0x5b08cec2d0fb2e5d!8m2!3d20.9995508!4d105.8536091!16s%2Fg%2F11pdrzl2vs!19sChIJtezdHVmtNTERXS770MLOCFs?authuser=0&hl=en&rclk=1,Hà Nội,Siêu thị mẹ và bé ở Hà Nội
https://www.google.com/maps/place/Si%C3%AAu+Th%E1%BB%8B+M%E1%BA%B9+B%E1%BA%A7u+%26+Em+B%C3%A9+Con+C%C6%B0ng/data=!4m7!3m6!1s0x3135abc40a8c052d:0xecc45e16abf12370!8m2!3d21.0269875!4d105.8095799!16s%2Fg%2F11tk3h13cx!19sChIJLQWMCsSrNTERcCPxqxZexOw?authuser=0&hl=en&rclk=1,Hà Nội,Siêu thị mẹ và bé ở Hà Nội
https://www.google.com/maps/place/Si%C3%AAu+th%E1%BB%8B+m%E1%BA%B9+b%E1%BA%A7u+v%C3%A0+em+b%C3%A9+KidsPlaza+47+C%E1%BB%95+Nhu%E1%BA%BF/data=!4m7!3m6!1s0x3134551a6b5aee05:0xf053fcf4fcdab94f!8m2!3d21.0598968!4d105.7823021!16s%2Fg%2F11h1lthhnm!19sChIJBe5aaxpVNDERT7na_PT8U_A?authuser=0&hl=en&rclk=1,Hà Nội,Siêu thị mẹ và bé ở Hà Nội
https://www.google.com/maps/place/Nana%27s+House+-+Si%C3%AAu+th%E1%BB%8B+M%E1%BA%B9+v%C3%A0+B%C3%A9/data=!4m7!3m6!1s0x3135ab2cf2473781:0xd02969a26e8af6aa!8m2!3d21.0268776!4d105.8240057!16s%2Fg%2F11k71t2gh3!19sChIJgTdH8iyrNTERqvaKbqJpKdA?authuser=0&hl=en&rclk=1,Hà Nội,Siêu thị mẹ và bé ở Hà Nội
https://www.google.com/maps/place/Shop+M%E1%BA%B9+M%C3%ADp/data=!4m7!3m6!1s0x3135ab690ddb74b1:0xecb52badda7756a1!8m2!3d21.0267731!4d105.8089651!16s%2Fg%2F11ggbsz6p8!19sChIJsXTbDWmrNTERoVZ32q0rtew?authuser=0&hl=en&rclk=1,Hà Nội,Siêu thị mẹ và bé ở Hà Nội
https://www.google.com/maps/place/Si%C3%AAu+th%E1%BB%8B+m%E1%BA%B9+v%C3%A0+b%C3%A9+Bobbymart/data=!4m7!3m6!1s0x3135abed133b4dbb:0xac93641efaf71429!8m2!3d21.020179!4d105.854487!16s%2Fg%2F1q2w6lrgy!19sChIJu007E-2rNTERKRT3-h5kk6w?authuser=0&hl=en&rclk=1,Hà Nội,Siêu thị mẹ và bé ở Hà Nội
https://www.google.com/maps/place/si%C3%AAu+th%E1%BB%8B+m%E1%BA%B9+v%C3%A0+b%C3%A9/data=!4m7!3m6!1s0x3135ab1abf29b0cf:0x221c44d70af4247f!8m2!3d21.0880965!4d105.8114054!16s%2Fg%2F11g_x8h6rq!19sChIJz7ApvxqrNTERfyT0CtdEHCI?authuser=0&hl=en&rclk=1,Hà Nội,Siêu thị mẹ và bé ở Hà Nội
https://www.google.com/maps/place/Shop+M%E1%BA%B9+V%C3%A0+B%C3%A9/data=!4m7!3m6!1s0x3135abf154bf89db:0x28e0088f3056bf1e!8m2!3d21.0124106!4d105.8584255!16s%2Fg%2F1jkvlpnwr!19sChIJ24m_VPGrNTERHr9WMI8I4Cg?authuser=0&hl=en&rclk=1,Hà Nội,Siêu thị mẹ và bé ở Hà Nội
https://www.google.com/maps/place/V%C6%B0%E1%BB%9Dn+C%E1%BB%A7a+B%C3%A9+-+70+Tr%E1%BA%A7n+B%C3%ACnh/data=!4m7!3m6!1s0x313455b527797129:0xc004bf939d129272!8m2!3d21.0315512!4d105.7780622!16s%2Fg%2F11fmgzg5yk!19sChIJKXF5J7VVNDERcpISnZO_BMA?authuser=0&hl=en&rclk=1,Hà Nội,Siêu thị mẹ và bé ở Hà Nội
https://www.google.com/maps/place/H%E1%BB%87+Th%E1%BB%91ng+C%E1%BB%ADa+H%C3%A0ng+M%E1%BA%B9+v%C3%A0+B%C3%A9+Bibo+Mart+-+Th%E1%BA%BF+Gi%E1%BB%9Bi+%C4%90%E1%BB%93+S%C6%A1+Sinh+-+La+Th%C3%A0nh/data=!4m7!3m6!1s0x3135ac0e31b7513b:0xed0d2a6639f91396!8m2!3d21.026116!4d105.810449!16s%2Fg%2F11fyxbspb0!19sChIJO1G3MQ6sNTERlhP5OWYqDe0?authuser=0&hl=en&rclk=1,Hà Nội,Siêu thị mẹ và bé ở Hà Nội
https://www.google.com/maps/place/M%E1%BA%B9+Ch%C3%A2u+Ch%E1%BA%A5u+Store/data=!4m7!3m6!1s0x3135ab1177f66e2f:0x2fc948818237110d!8m2!3d21.0182333!4d105.80597!16s%2Fg%2F11f5_kyvvq!19sChIJL272dxGrNTERDRE3goFIyS8?authuser=0&hl=en&rclk=1,Hà Nội,Siêu thị mẹ và bé ở Hà Nội
https://www.google.com/maps/place/Mother+And+Baby+Supermarket/data=!4m7!3m6!1s0x31345329c2ecfbc3:0x139632e16b69b72b!8m2!3d20.9691239!4d105.7746291!16s%2Fg%2F1pztlb60q!19sChIJw_vswilTNDERK7dpa-EylhM?authuser=0&hl=en&rclk=1,Hà Nội,Siêu thị mẹ và bé ở Hà Nội
https://www.google.com/maps/place/Shop+Me+Va+Be/data=!4m7!3m6!1s0x3135ab73e3312da7:0x68ab3aea3e5f8ee5!8m2!3d21.0278304!4d105.8223289!16s%2Fg%2F11fnwhfbvp!19sChIJpy0x43OrNTER5Y5fPuo6q2g?authuser=0&hl=en&rclk=1,Hà Nội,Siêu thị mẹ và bé ở Hà Nội
https://www.google.com/maps/place/Si%C3%AAu+th%E1%BB%8B+MB+Mart+-+MBMart.com.vn/data=!4m7!3m6!1s0x31345497958751df:0x9082e32e3c3709e6!8m2!3d21.0356015!4d105.7677853!16s%2Fg%2F11h7s4v0sx!19sChIJ31GHlZdUNDER5gk3PC7jgpA?authuser=0&hl=en&rclk=1,Hà Nội,Siêu thị mẹ và bé ở Hà Nội
https://www.google.com/maps/place/Kids+Plaza+Nguy%E1%BB%85n+Ho%C3%A0ng/data=!4m7!3m6!1s0x313455aee8c9b88f:0x723dffd818840b8c!8m2!3d21.0302455!4d105.7751977!16s%2Fg%2F11j3x4kn1r!19sChIJj7jJ6K5VNDERjAuEGNj_PXI?authuser=0&hl=en&rclk=1,Hà Nội,Siêu thị mẹ và bé ở Hà Nội
https://www.google.com/maps/place/Mother+And+Baby+Supermarket/data=!4m7!3m6!1s0x3135acc603524245:0x6b7eb5786130da3c!8m2!3d20.9853766!4d105.7940992!16s%2Fg%2F1pztfycl5!19sChIJRUJSA8asNTERPNowYXi1fms?authuser=0&hl=en&rclk=1,Hà Nội,Siêu thị mẹ và bé ở Hà Nội
https://www.google.com/maps/place/Shop+M%E1%BA%B9+v%C3%A0+B%C3%A9+LOVE+BABY/data=!4m7!3m6!1s0x3135ad002c275139:0xb6bf5421d8a58c08!8m2!3d21.0024286!4d105.8107869!16s%2Fg%2F11vwnkxz4_!19sChIJOVEnLACtNTERCIyl2CFUv7Y?authuser=0&hl=en&rclk=1,Hà Nội,Siêu thị mẹ và bé ở Hà Nội
https://www.google.com/maps/place/Si%C3%AAu+th%E1%BB%8B+m%E1%BA%B9+b%E1%BA%A7u+v%C3%A0+em+b%C3%A9+Kids+Plaza+Tr%E1%BA%A7n+Th%C3%A1i+T%C3%B4ng/data=!4m7!3m6!1s0x3135ab3f1270d933:0x94f27582840608e9!8m2!3d21.0347745!4d105.7893698!16s%2Fg%2F12616zq2p!19sChIJM9lwEj-rNTER6QgGhIJ18pQ?authuser=0&hl=en&rclk=1,Hà Nội,Siêu thị mẹ và bé ở Hà Nội
https://www.google.com/maps/place/Si%C3%AAu+th%E1%BB%8B+M%E1%BA%B9+b%E1%BA%A7u+v%C3%A0+em+b%C3%A9+KidsPlaza+28+Kh%C6%B0%C6%A1ng+Trung/data=!4m7!3m6!1s0x3135adc4bc08d153:0xc1baaed34a627197!8m2!3d20.9987229!4d105.8186711!16s%2Fg%2F11rtvrz95z!19sChIJU9EIvMStNTERl3FiStOuusE?authuser=0&hl=en&rclk=1,Hà Nội,Siêu thị mẹ và bé ở Hà Nội
https://www.google.com/maps/place/Kids+Plaza/data=!4m7!3m6!1s0x3135ab0ae8ff787b:0x753e2c99a380b7a6!8m2!3d21.0342524!4d105.8272627!16s%2Fg%2F1hm4jj1v9!19sChIJe3j_6AqrNTERpreAo5ksPnU?authuser=0&hl=en&rclk=1,Hà Nội,Siêu thị mẹ và bé ở Hà Nội
https://www.google.com/maps/place/Si%C3%AAu+th%E1%BB%8B+M%E1%BA%B9+v%C3%A0+B%C3%A9/data=!4m7!3m6!1s0x3135adc344d7f979:0x63642baf37202cd!8m2!3d21.0046133!4d105.7998001!16s%2Fg%2F11jvdy68c2!19sChIJefnXRMOtNTERzQJy87pCNgY?authuser=0&hl=en&rclk=1,Hà Nội,Siêu thị mẹ và bé ở Hà Nội
https://www.google.com/maps/place/Jolly+Kids+Si%C3%AAu+th%E1%BB%8B+M%E1%BA%B9+v%C3%A0+b%C3%A9/data=!4m7!3m6!1s0x3135affcf7239f11:0x4a21b5dea6039ad8!8m2!3d20.9705656!4d105.8787413!16s%2Fg%2F11j436f1l9!19sChIJEZ8j9_yvNTER2JoDpt61IUo?authuser=0&hl=en&rclk=1,Hà Nội,Siêu thị mẹ và bé ở Hà Nội
https://www.google.com/maps/place/Si%C3%AAu+th%E1%BB%8B+m%E1%BA%B9+b%E1%BA%A7u+v%C3%A0+em+b%C3%A9+KidsPlaza+90+Nguy%E1%BB%85n+Kh%C3%A1nh+To%C3%A0n/data=!4m7!3m6!1s0x3135ab48716b6dc7:0x40bb1513ee32ddc8!8m2!3d21.0370801!4d105.8021438!16s%2Fg%2F11c5rqfs87!19sChIJx21rcUirNTERyN0y7hMVu0A?authuser=0&hl=en&rclk=1,Hà Nội,Siêu thị mẹ và bé ở Hà Nội
https://www.google.com/maps/place/Si%C3%AAu+Th%E1%BB%8B+M%E1%BA%B9+B%E1%BA%A7u+%26+Em+B%C3%A9+Con+C%C6%B0ng/data=!4m7!3m6!1s0x3135ad47684ac681:0x8fa2e9789e91780d!8m2!3d21.0001789!4d105.8284289!16s%2Fg%2F11jzxmt3dy!19sChIJgcZKaEetNTERDXiRnnjpoo8?authuser=0&hl=en&rclk=1,Hà Nội,Siêu thị mẹ và bé ở Hà Nội
https://www.google.com/maps/place/H%E1%BB%87+Th%E1%BB%91ng+C%E1%BB%ADa+H%C3%A0ng+M%E1%BA%B9+v%C3%A0+B%C3%A9+Bibo+Mart+-+Th%E1%BA%BF+Gi%E1%BB%9Bi+%C4%90%E1%BB%93+S%C6%A1+Sinh+S%C6%A1n+T%C3%A2y/data=!4m7!3m6!1s0x3135aba1dad415e7:0xf5d8826c989e8aab!8m2!3d21.033048!4d105.8328419!16s%2Fg%2F124ym4gtq!19sChIJ5xXU2qGrNTERq4qemGyC2PU?authuser=0&hl=en&rclk=1,Hà Nội,Siêu thị mẹ và bé ở Hà Nội
https://www.google.com/maps/place/Si%C3%AAu+th%E1%BB%8B+m%E1%BA%B9+b%C3%A9+Concung.com+Ba+%C4%90%C3%ACnh/data=!4m7!3m6!1s0x3135ab8a534d4c55:0xa998152f28040108!8m2!3d21.0269875!4d105.8095799!16s%2Fg%2F11f5vyg7ml!19sChIJVUxNU4qrNTERCAEEKC8VmKk?authuser=0&hl=en&rclk=1,Hà Nội,Siêu thị mẹ và bé ở Hà Nội
https://www.google.com/maps/place/M%E1%BA%B9+v%C3%A0+B%C3%A9/data=!4m7!3m6!1s0x3134557bf9a8469d:0xc0f7036458471e4!8m2!3d21.0613325!4d105.7813188!16s%2Fg%2F11sthwb98f!19sChIJnUao-XtVNDER5HGERTZwDww?authuser=0&hl=en&rclk=1,Hà Nội,Siêu thị mẹ và bé ở Hà Nội
https://www.google.com/maps/place/Si%C3%AAu+th%E1%BB%8B+m%E1%BA%B9+b%E1%BA%A7u+v%C3%A0+em+b%C3%A9+KidsPlaza+Nguy%E1%BB%85n+H%E1%BB%AFu+Th%E1%BB%8D/data=!4m7!3m6!1s0x3135ad6525ce55d3:0xaaafd5f2435e417a!8m2!3d20.9697017!4d105.8298972!16s%2Fg%2F11f9g7yxjj!19sChIJ01XOJWWtNTERekFeQ_LVr6o?authuser=0&hl=en&rclk=1,Hà Nội,Siêu thị mẹ và bé ở Hà Nội
https://www.google.com/maps/place/H%E1%BB%87+Th%E1%BB%91ng+C%E1%BB%ADa+H%C3%A0ng+M%E1%BA%B9+v%C3%A0+B%C3%A9+Bibo+Mart+-+Th%E1%BA%BF+Gi%E1%BB%9Bi+%C4%90%E1%BB%93+S%C6%A1+Sinh+-+H%E1%BB%93+T%C3%B9ng+M%E1%BA%ADu/data=!4m7!3m6!1s0x313454c70a967f23:0x3518c748d686ff83!8m2!3d21.0406746!4d105.765172!16s%2Fg%2F11bxgztrs2!19sChIJI3-WCsdUNDERg_-G1kjHGDU?authuser=0&hl=en&rclk=1,Hà Nội,Siêu thị mẹ và bé ở Hà Nội
https://www.google.com/maps/place/H%E1%BB%87+Th%E1%BB%91ng+C%E1%BB%ADa+H%C3%A0ng+M%E1%BA%B9+v%C3%A0+B%C3%A9+Bibo+Mart+-+Th%E1%BA%BF+Gi%E1%BB%9Bi+%C4%90%E1%BB%93+S%C6%A1+Sinh+-+Ecohome/data=!4m7!3m6!1s0x3135ab33840ed0ed:0x841e4dc1cc9cd0cf!8m2!3d21.0846465!4d105.7853154!16s%2Fg%2F11nnvc8v8w!19sChIJ7dAOhDOrNTERz9CczMFNHoQ?authuser=0&hl=en&rclk=1,Hà Nội,Siêu thị mẹ và bé ở Hà Nội
https://www.google.com/maps/place/Si%C3%AAu+th%E1%BB%8B+M%E1%BA%B9+b%E1%BA%A7u+v%C3%A0+Em+b%C3%A9+KidsPlaza+1048+%C4%90%C3%AA+La+Th%C3%A0nh/data=!4m7!3m6!1s0x3135ab69ee217181:0x2d8561c46fb7b589!8m2!3d21.0267941!4d105.8099262!16s%2Fg%2F11c70dn8v_!19sChIJgXEh7mmrNTERibW3b8RhhS0?authuser=0&hl=en&rclk=1,Hà Nội,Siêu thị mẹ và bé ở Hà Nội
https://www.google.com/maps/place/ShopmevabeHato/data=!4m7!3m6!1s0x3135ab3beb9af273:0xb6bb74f96fa4afc5!8m2!3d21.0260001!4d105.8290279!16s%2Fg%2F11j8kfghjh!19sChIJc_Ka6zurNTERxa-kb_l0u7Y?authuser=0&hl=en&rclk=1,Hà Nội,Siêu thị mẹ và bé ở Hà Nội
https://www.google.com/maps/place/Si%C3%AAu+Th%E1%BB%8B+M%E1%BA%B9+B%E1%BA%A7u+%26+Em+B%C3%A9+Con+C%C6%B0ng/data=!4m7!3m6!1s0x3135ada1fe07bf5d:0x188e7325c50822d9!8m2!3d21.0073921!4d105.7931198!16s%2Fg%2F11sby3tv0t!19sChIJXb8H_qGtNTER2SIIxSVzjhg?authuser=0&hl=en&rclk=1,Hà Nội,Siêu thị mẹ và bé ở Hà Nội
https://www.google.com/maps/place/V%C6%B0%E1%BB%9Dn+C%E1%BB%A7a+B%C3%A9+-+109+Xu%C3%A2n+%C4%90%E1%BB%89nh/data=!4m7!3m6!1s0x3135ab553b26a095:0xe9c16eaa507dc53f!8m2!3d21.0709474!4d105.8000222!16s%2Fg%2F11y3t534l3!19sChIJlaAmO1WrNTERP8V9UKpuwek?authuser=0&hl=en&rclk=1,Hà Nội,Siêu thị mẹ và bé ở Hà Nội
https://www.google.com/maps/place/Si%C3%AAu+th%E1%BB%8B+m%E1%BA%B9+b%E1%BA%A7u+v%C3%A0+em+b%C3%A9+KidsPlaza+211+Trung+K%C3%ADnh/data=!4m7!3m6!1s0x3135ab50c838b6df:0x46f384094fb353f3!8m2!3d21.0193902!4d105.7921987!16s%2Fg%2F11dxbjszv2!19sChIJ37Y4yFCrNTER81OzTwmE80Y?authuser=0&hl=en&rclk=1,Hà Nội,Siêu thị mẹ và bé ở Hà Nội
https://www.google.com/maps/place/TutiCare+M%E1%BA%B9+%26+B%C3%A9/data=!4m7!3m6!1s0x3135ab328aa77c3b:0x8167d49bf3368367!8m2!3d21.0202523!4d105.8544182!16s%2Fg%2F11h86nh265!19sChIJO3ynijKrNTERZ4M285vUZ4E?authuser=0&hl=en&rclk=1,Hà Nội,Siêu thị mẹ và bé ở Hà Nội
https://www.google.com/maps/place/M%E1%BA%B9+%26+B%C3%A9+Plaza/data=!4m7!3m6!1s0x3135abdc44d2f47f:0x9db80816afc9b3be!8m2!3d21.0268097!4d105.808832!16s%2Fg%2F11gxxj04wf!19sChIJf_TSRNyrNTERvrPJrxYIuJ0?authuser=0&hl=en&rclk=1,Hà Nội,Siêu thị mẹ và bé ở Hà Nội
https://www.google.com/maps/place/Shop+m%E1%BA%B9+v%C3%A0+b%C3%A9/data=!4m7!3m6!1s0x313455cdd6a7a8c1:0x66076e0b2064d4e8!8m2!3d21.074745!4d105.7032075!16s%2Fg%2F11bztfq4q0!19sChIJwain1s1VNDER6NRkIAtuB2Y?authuser=0&hl=en&rclk=1,Hà Nội,Siêu thị mẹ và bé ở Hà Nội
https://www.google.com/maps/place/H%E1%BB%87+Th%E1%BB%91ng+C%E1%BB%ADa+H%C3%A0ng+M%E1%BA%B9+v%C3%A0+B%C3%A9+Bibo+Mart+-+Th%E1%BA%BF+Gi%E1%BB%9Bi+%C4%90%E1%BB%93+S%C6%A1+Sinh+Ph%E1%BA%A1m+Ng%E1%BB%8Dc+Th%E1%BA%A1ch/data=!4m7!3m6!1s0x3135ac7fa8039741:0xf18098796f35c64d!8m2!3d21.0070525!4d105.8318932!16s%2Fg%2F11dx95vz3d!19sChIJQZcDqH-sNTERTcY1b3mYgPE?authuser=0&hl=en&rclk=1,Hà Nội,Siêu thị mẹ và bé ở Hà Nội
https://www.google.com/maps/place/H%E1%BB%87+Th%E1%BB%91ng+C%E1%BB%ADa+H%C3%A0ng+M%E1%BA%B9+v%C3%A0+B%C3%A9+Bibo+Mart+-+Th%E1%BA%BF+Gi%E1%BB%9Bi+%C4%90%E1%BB%93+S%C6%A1+Sinh+-+Nguy%E1%BB%85n+Ch%C3%A1nh/data=!4m7!3m6!1s0x3135aca62d8d250d:0xaf9fb59ff774786e!8m2!3d21.0095431!4d105.7945047!16s%2Fg%2F11gdkqwbn5!19sChIJDSWNLaasNTERbnh095-1n68?authuser=0&hl=en&rclk=1,Hà Nội,Siêu thị mẹ và bé ở Hà Nội
https://www.google.com/maps/place/BubeKids+-+M%E1%BA%B9+V%C3%A0+B%C3%A9/data=!4m7!3m6!1s0x3135afa94df4417d:0xed839ab150534733!8m2!3d20.9908885!4d105.9431146!16s%2Fg%2F11k4svpqfy!19sChIJfUH0TamvNTERM0dTULGag-0?authuser=0&hl=en&rclk=1,Hà Nội,Siêu thị mẹ và bé ở Hà Nội
https://www.google.com/maps/place/Chow+Baby/data=!4m7!3m6!1s0x3135ab35fff15d25:0xf78bc4c00d46fac5!8m2!3d21.0366079!4d105.7879135!16s%2Fg%2F11mx5mdb_z!19sChIJJV3x_zWrNTERxfpGDcDEi_c?authuser=0&hl=en&rclk=1,Hà Nội,Siêu thị mẹ và bé ở Hà Nội
https://www.google.com/maps/place/Boo+Mart+%28c%E1%BB%ADa+h%C3%A0ng+m%E1%BA%B9+v%C3%A0+b%C3%A9%29/data=!4m7!3m6!1s0x3135adfe3aecd0ab:0xcfad419ecf27efb5!8m2!3d20.9667215!4d105.7826447!16s%2Fg%2F11qbfj9qrn!19sChIJq9DsOv6tNTERte8nz55Brc8?authuser=0&hl=en&rclk=1,Hà Nội,Siêu thị mẹ và bé ở Hà Nội
https://www.google.com/maps/place/Mai+H%C6%B0%C6%A1ng+Baby+Shop/data=!4m7!3m6!1s0x3135abeb53fc4345:0x9e00da1a068a0b6b!8m2!3d21.0119633!4d105.8205015!16s%2Fg%2F11ghrb0sd7!19sChIJRUP8U-urNTERawuKBhraAJ4?authuser=0&hl=en&rclk=1,Hà Nội,Siêu thị mẹ và bé ở Hà Nội
https://www.google.com/maps/place/Kids+Plaza/data=!4m7!3m6!1s0x3135ac83c7c03537:0xd3ce90de6dadc4e9!8m2!3d21.0061731!4d105.8222008!16s%2Fg%2F11c56zs94q!19sChIJNzXAx4OsNTER6cStbd6QztM?authuser=0&hl=en&rclk=1,Hà Nội,Siêu thị mẹ và bé ở Hà Nội
https://www.google.com/maps/place/Shop+babyborn.vn+-+%C4%90%E1%BB%93+cho+m%E1%BA%B9+v%C3%A0+b%C3%A9/data=!4m7!3m6!1s0x3135ab12c26665d5:0x7d732cec869a63bc!8m2!3d21.0419948!4d105.8107436!16s%2Fg%2F11h1yv585h!19sChIJ1WVmwhKrNTERvGOahuwsc30?authuser=0&hl=en&rclk=1,Hà Nội,Siêu thị mẹ và bé ở Hà Nội
https://www.google.com/maps/place/Si%C3%AAu+th%E1%BB%8B+m%E1%BA%B9+b%E1%BA%A7u+v%C3%A0+em+b%C3%A9+Kids+Plaza+Nguy%E1%BB%85n+C%C6%A1+Th%E1%BA%A1ch/data=!4m7!3m6!1s0x313454bb8bc839bb:0x5fb5fc839514d3ec!8m2!3d21.0321922!4d105.7648389!16s%2Fg%2F11cs2hjbhh!19sChIJuznIi7tUNDER7NMUlYP8tV8?authuser=0&hl=en&rclk=1,Hà Nội,Siêu thị mẹ và bé ở Hà Nội
https://www.google.com/maps/place/Supermarket+mother+and+baby+Kids+Plaza+Hoang+Van+Thai/data=!4m7!3m6!1s0x31752eb1e8bdc5af:0xf1f21fc0950c142c!8m2!3d20.9965268!4d105.8284908!16s%2Fg%2F11csqh_5xg!19sChIJr8W96LEudTERLBQMlcAf8vE?authuser=0&hl=en&rclk=1,Hà Nội,Siêu thị mẹ và bé ở Hà Nội
https://www.google.com/maps/place/Si%C3%AAu+th%E1%BB%8B+m%E1%BA%B9+b%E1%BA%A7u+v%C3%A0+em+b%C3%A9+KidsPlaza+27+Tr%E1%BA%A7n+Duy+H%C6%B0ng/data=!4m7!3m6!1s0x3135abc882ddf3b1:0x8fd6f0844df7b95b!8m2!3d21.0132018!4d105.8028691!16s%2Fg%2F11h67v41wc!19sChIJsfPdgsirNTERW7n3TYTw1o8?authuser=0&hl=en&rclk=1,Hà Nội,Siêu thị mẹ và bé ở Hà Nội
https://www.google.com/maps/place/Si%C3%AAu+Th%E1%BB%8B+M%E1%BA%B9+B%E1%BA%A7u+%26+Em+B%C3%A9+Con+C%C6%B0ng/data=!4m7!3m6!1s0x3135aba90a2311c9:0x2670109060518eae!8m2!3d21.0350008!4d105.8249627!16s%2Fg%2F11jzxlyz6p!19sChIJyREjCqmrNTERro5RYJAQcCY?authuser=0&hl=en&rclk=1,Hà Nội,Siêu thị mẹ và bé ở Hà Nội
https://www.google.com/maps/place/Si%C3%AAu+Thi%CC%A3+Me%CC%A3+-+Be%CC%81/data=!4m7!3m6!1s0x3135a99c4ede9073:0x46568790257430d2!8m2!3d21.0355229!4d105.9104538!16s%2Fg%2F11fcvb5d9k!19sChIJc5DeTpypNTER0jB0JZCHVkY?authuser=0&hl=en&rclk=1,Hà Nội,Siêu thị mẹ và bé ở Hà Nội
https://www.google.com/maps/place/shop+M%E1%BA%B9+v%C3%A0+B%C3%A9/data=!4m7!3m6!1s0x3135ad669935f3f7:0x70649de4934c6f0a!8m2!3d21.0061609!4d105.8148805!16s%2Fg%2F11ksng8sqd!19sChIJ9_M1mWatNTERCm9Mk-SdZHA?authuser=0&hl=en&rclk=1,Hà Nội,Siêu thị mẹ và bé ở Hà Nội
https://www.google.com/maps/place/H%C3%B2+Siu+-+Si%C3%AAu+th%E1%BB%8B+M%E1%BA%B9+v%C3%A0+B%C3%A9/data=!4m7!3m6!1s0x3135adb2a88f1061:0x6ef5172a5c9cb291!8m2!3d20.9926952!4d105.8136605!16s%2Fg%2F11v03j58z3!19sChIJYRCPqLKtNTERkbKcXCoX9W4?authuser=0&hl=en&rclk=1,Hà Nội,Siêu thị mẹ và bé ở Hà Nội
https://www.google.com/maps/place/Si%C3%AAu+th%E1%BB%8B+m%E1%BA%B9+b%E1%BA%A7u+v%C3%A0+em+b%C3%A9+Kids+Plaza+182B+L%E1%BA%A1c+Trung/data=!4m7!3m6!1s0x3135ac05a60cb53f:0x813e0afda5ca269!8m2!3d21.0030822!4d105.8658739!16s%2Fg%2F11csqh0x2n!19sChIJP7UMpgWsNTERaaJc2q_gEwg?authuser=0&hl=en&rclk=1,Hà Nội,Siêu thị mẹ và bé ở Hà Nội
https://www.google.com/maps/place/Si%C3%AAu+th%E1%BB%8B+m%E1%BA%B9+v%C3%A0+b%C3%A9+KidsPlaza+104A+T%C3%B4n+Th%E1%BA%A5t+T%C3%B9ng/data=!4m7!3m6!1s0x3135ac7d800bb291:0x3901562811139bf1!8m2!3d21.006051!4d105.8308676!16s%2Fg%2F11c1txqymd!19sChIJkbILgH2sNTER8ZsTEShWATk?authuser=0&hl=en&rclk=1,Hà Nội,Siêu thị mẹ và bé ở Hà Nội
https://www.google.com/maps/place/Si%C3%AAu+th%E1%BB%8B+m%E1%BA%B9+b%E1%BA%A7u+v%C3%A0+em+b%C3%A9+KidsPlaza+X%C3%A3+%C4%90%C3%A0n/data=!4m7!3m6!1s0x3135ac7499432b77:0x362f6c5c0142f462!8m2!3d21.0148121!4d105.8339473!16s%2Fg%2F11c2kd7vqv!19sChIJdytDmXSsNTERYvRCAVxsLzY?authuser=0&hl=en&rclk=1,Hà Nội,Siêu thị mẹ và bé ở Hà Nội
https://www.google.com/maps/place/Si%C3%AAu+th%E1%BB%8B+m%E1%BA%B9+b%E1%BA%A7u+v%C3%A0+em+b%C3%A9+KidsPlaza+52+V%C5%A9+Tr%E1%BB%8Dng+Ph%E1%BB%A5ng/data=!4m7!3m6!1s0x3135ad29fa4e2ba5:0x99735f808f0a3ede!8m2!3d20.9980478!4d105.8093403!16s%2Fg%2F11h8wr6c86!19sChIJpStO-imtNTER3j4Kj4Bfc5k?authuser=0&hl=en&rclk=1,Hà Nội,Siêu thị mẹ và bé ở Hà Nội
https://www.google.com/maps/place/C%E1%BB%ADa+h%C3%A0ng+M%E1%BA%B9+v%C3%A0+B%C3%A9+Kids+Plaza+43+L%E1%BA%A1c+Trung/data=!4m7!3m6!1s0x3135ac064b1c4291:0xd7d61d1848f5345e!8m2!3d21.0030771!4d105.8657197!16s%2Fg%2F11c1skdvmt!19sChIJkUIcSwasNTERXjT1SBgd1tc?authuser=0&hl=en&rclk=1,Hà Nội,Siêu thị mẹ và bé ở Hà Nội
https://www.google.com/maps/place/Si%C3%AAu+th%E1%BB%8B+m%E1%BA%B9+b%E1%BA%A7u+v%C3%A0+em+b%C3%A9+Kids+Plaza+Nguy%E1%BB%85n+Xi%E1%BB%83n/data=!4m7!3m6!1s0x3135ad9799837407:0x716fda8e88858267!8m2!3d20.9907718!4d105.8032483!16s%2Fg%2F11j6v2bv8b!19sChIJB3SDmZetNTERZ4KFiI7ab3E?authuser=0&hl=en&rclk=1,Hà Nội,Siêu thị mẹ và bé ở Hà Nội
https://www.google.com/maps/place/C%E1%BB%ADa+H%C3%A0ng+Qu%E1%BA%A7n+%C3%81o+M%E1%BA%B9+V%C3%A0+B%C3%A9+HaTo/data=!4m7!3m6!1s0x3135ab75af2f4c77:0xdddd4c81a93cab0c!8m2!3d21.0261342!4d105.828754!16s%2Fg%2F1pzqkvk_p!19sChIJd0wvr3WrNTERDKs8qYFM3d0?authuser=0&hl=en&rclk=1,Hà Nội,Siêu thị mẹ và bé ở Hà Nội
https://www.google.com/maps/place/Shop+M%E1%BA%B9+v%C3%A0+B%C3%A9/data=!4m7!3m6!1s0x313451cdb114add7:0x330f1c11c8cef9c9!8m2!3d20.9953213!4d105.6107104!16s%2Fg%2F11v9vpy35g!19sChIJ160Usc1RNDERyfnOyBEcDzM?authuser=0&hl=en&rclk=1,Hà Nội,Siêu thị mẹ và bé ở Hà Nội
https://www.google.com/maps/place/Baby+Fun+Shop/data=!4m7!3m6!1s0x3135abf62d3f9433:0x40e1e5f8f95e25f9!8m2!3d21.0070633!4d105.8612385!16s%2Fg%2F1hdzzkggr!19sChIJM5Q_LfarNTER-SVe-fjl4UA?authuser=0&hl=en&rclk=1,Hà Nội,Siêu thị mẹ và bé ở Hà Nội
https://www.google.com/maps/place/Bibomart+Nguy%E1%BB%85n+V%C4%83n+C%E1%BB%AB/data=!4m7!3m6!1s0x3135a97ede41d9e7:0xfaa3f99032f17ca1!8m2!3d21.0592471!4d105.8921943!16s%2Fg%2F1ptwrv5cn!19sChIJ59lB3n6pNTERoXzxMpD5o_o?authuser=0&hl=en&rclk=1,Hà Nội,Siêu thị mẹ và bé ở Hà Nội
https://www.google.com/maps/place/Si%C3%AAu+th%E1%BB%8B+m%E1%BA%B9+b%E1%BA%A7u+v%C3%A0+em+b%C3%A9+KidsPlaza+-+18+Xu%C3%A2n+%C4%90%E1%BB%89nh/data=!4m7!3m6!1s0x3135ab6b07631169:0xca6ae14d93b9c0fd!8m2!3d21.0696989!4d105.8020069!16s%2Fg%2F11g1qj9jp3!19sChIJaRFjB2urNTER_cC5k03haso?authuser=0&hl=en&rclk=1,Hà Nội,Siêu thị mẹ và bé ở Hà Nội
https://www.google.com/maps/place/H%E1%BB%87+Th%E1%BB%91ng+C%E1%BB%ADa+H%C3%A0ng+M%E1%BA%B9+v%C3%A0+B%C3%A9+Bibo+Mart+-+Th%E1%BA%BF+Gi%E1%BB%9Bi+%C4%90%E1%BB%93+S%C6%A1+Sinh/data=!4m7!3m6!1s0x313455ce7a0279db:0x9dfc58e2dac17c40!8m2!3d20.9835143!4d105.8456552!16s%2Fg%2F11bzz_hpq0!19sChIJ23kCes5VNDERQHzB2uJY_J0?authuser=0&hl=en&rclk=1,Hà Nội,Siêu thị mẹ và bé ở Hà Nội
https://www.google.com/maps/place/Sukem+Shop-+Chuy%C3%AAn+%C4%91%E1%BB%93+s%C6%A1+sinh+m%E1%BA%B9+v%C3%A0+b%C3%A9/data=!4m7!3m6!1s0x3135adeaa8ba8481:0xd080d1cc11dfb78!8m2!3d20.9861384!4d105.8512066!16s%2Fg%2F11mwylc56_!19sChIJgYS6qOqtNTERePsdwRwNCA0?authuser=0&hl=en&rclk=1,Hà Nội,Siêu thị mẹ và bé ở Hà Nội
https://www.google.com/maps/place/Si%C3%AAu+th%E1%BB%8B+m%E1%BA%B9+b%E1%BA%A7u+v%C3%A0+em+b%C3%A9+KidsPlaza+HH4B+Linh+%C4%90%C3%A0m/data=!4m7!3m6!1s0x3134532bd1486f03:0x1396a7b85ca57b3e!8m2!3d20.9632592!4d105.8263203!16s%2Fg%2F11c1tz0sp7!19sChIJA29I0StTNDERPnulXLinlhM?authuser=0&hl=en&rclk=1,Hà Nội,Siêu thị mẹ và bé ở Hà Nội
https://www.google.com/maps/place/Si%C3%AAu+th%E1%BB%8B+m%E1%BA%B9+b%E1%BA%A7u+v%C3%A0+em+b%C3%A9+KidsPlaza+V%C6%B0%C6%A1ng+Th%E1%BB%ABa+V%C5%A9/data=!4m7!3m6!1s0x3135ac07b9441ecb:0xa921f28514abae74!8m2!3d21.0007067!4d105.8223934!16s%2Fg%2F11c5rr_np4!19sChIJyx5EuQesNTERdK6rFIXyIak?authuser=0&hl=en&rclk=1,Hà Nội,Siêu thị mẹ và bé ở Hà Nội
https://www.google.com/maps/place/Si%C3%AAu+th%E1%BB%8B+m%E1%BA%B9+b%E1%BA%A7u+v%C3%A0+em+b%C3%A9+Kids+Plaza+226+Kh%C6%B0%C6%A1ng+%C4%90%C3%ACnh/data=!4m7!3m6!1s0x3135ac93cf61035d:0x7e04218852b5edc4!8m2!3d20.9926867!4d105.8136597!16s%2Fg%2F11g6xsfh31!19sChIJXQNhz5OsNTERxO21UoghBH4?authuser=0&hl=en&rclk=1,Hà Nội,Siêu thị mẹ và bé ở Hà Nội
"https://www.google.com/maps/place/Betiti+Shop+-+Chuy%C3%AAn+%C4%91%E1%BB%93+s%C6%A1+sinh,+Tr%E1%BB%8Dn+b%E1%BB%99+s%C6%A1+sinh+gi%C3%A1+g%E1%BB%91c/data=!4m7!3m6!1s0x3135abc091e8392d:0x3d3e07f07e15644b!8m2!3d21.0389013!4d105.7889348!16s%2Fg%2F11grtmp8b7!19sChIJLTnokcCrNTERS2QVfvAHPj0?authuser=0&hl=en&rclk=1",Hà Nội,Siêu thị mẹ và bé ở Hà Nội
https://www.google.com/maps/place/Si%C3%AAu+th%E1%BB%8B+m%E1%BA%B9+b%E1%BA%A7u+v%C3%A0+em+b%C3%A9+KidsPlaza+66+Nguy%E1%BB%85n+Khuy%E1%BA%BFn+-+H%C3%A0+%C4%90%C3%B4ng/data=!4m7!3m6!1s0x3135acd18b59bfd1:0x1fa5e9320a91e7af!8m2!3d20.9769707!4d105.7881272!16s%2Fg%2F11btrs6dpz!19sChIJ0b9Zi9GsNTERr-eRCjLppR8?authuser=0&hl=en&rclk=1,Hà Nội,Siêu thị mẹ và bé ở Hà Nội
https://www.google.com/maps/place/Si%C3%AAu+th%E1%BB%8B+m%E1%BA%B9+b%E1%BA%A7u+v%C3%A0+em+b%C3%A9+KidsPlaza+77B+Xu%C3%A2n+La/data=!4m7!3m6!1s0x31752eec433b919d:0x1a223eef68fa0556!8m2!3d21.0630859!4d105.8071183!16s%2Fg%2F11c2khrpc5!19sChIJnZE7Q-wudTERVgX6aO8-Iho?authuser=0&hl=en&rclk=1,Hà Nội,Siêu thị mẹ và bé ở Hà Nội
https://www.google.com/maps/place/Si%C3%AAu+th%E1%BB%8B+m%E1%BA%B9+b%E1%BA%A7u+v%C3%A0+em+b%C3%A9+KidsPlaza+Xa+La/data=!4m7!3m6!1s0x3135a99a19eea781:0xd30317be5cdcd363!8m2!3d20.9645645!4d105.7937202!16s%2Fg%2F11c2kdmnwb!19sChIJgafuGZqpNTERY9PcXL4XA9M?authuser=0&hl=en&rclk=1,Hà Nội,Siêu thị mẹ và bé ở Hà Nội
https://www.google.com/maps/place/Kids+Plaza/data=!4m7!3m6!1s0x3135ac051f6df4c9:0xb8b86d822b49934b!8m2!3d20.9939747!4d105.8691263!16s%2Fg%2F11c2khv0z3!19sChIJyfRtHwWsNTERS5NJK4JtuLg?authuser=0&hl=en&rclk=1,Hà Nội,Siêu thị mẹ và bé ở Hà Nội
https://www.google.com/maps/place/Si%C3%AAu+th%E1%BB%8B+m%E1%BA%B9+v%C3%A0+b%C3%A9+KidsPlaza+78+Nguy%E1%BB%85n+An+Ninh/data=!4m7!3m6!1s0x3135ad3fcaefb049:0xd713bb743ac1fa16!8m2!3d20.9900464!4d105.8454015!16s%2Fg%2F11v3gk64zn!19sChIJSbDvyj-tNTERFvrBOnS7E9c?authuser=0&hl=en&rclk=1,Hà Nội,Siêu thị mẹ và bé ở Hà Nội
https://www.google.com/maps/place/Shop+Qu%E1%BA%A7n+%C3%81o+Cho+B%C3%A9/data=!4m7!3m6!1s0x3135ab7f53a3d19d:0xddaec00ee259e056!8m2!3d21.0157159!4d105.828119!16s%2Fg%2F11b6qkt3n1!19sChIJndGjU3-rNTERVuBZ4g7Art0?authuser=0&hl=en&rclk=1,Hà Nội,Siêu thị mẹ và bé ở Hà Nội
https://www.google.com/maps/place/Shop+M%E1%BA%B9+%26+B%C3%A9+G.Lady/data=!4m7!3m6!1s0x3135ab09d4dc857f:0x39e17b6a748d14ba!8m2!3d21.0412886!4d105.8289995!16s%2Fg%2F11bccmgc0y!19sChIJf4Xc1AmrNTERuhSNdGp74Tk?authuser=0&hl=en&rclk=1,Hà Nội,Siêu thị mẹ và bé ở Hà Nội
https://www.google.com/maps/place/Th%E1%BA%BF+gi%E1%BB%9Bi+b%E1%BB%89m+s%E1%BB%AFa+247/data=!4m7!3m6!1s0x3135ab095bc28f6b:0x50efa692024e5c5e!8m2!3d21.0267469!4d105.8088377!16s%2Fg%2F11qpt82qyn!19sChIJa4_CWwmrNTERXlxOApKm71A?authuser=0&hl=en&rclk=1,Hà Nội,Siêu thị mẹ và bé ở Hà Nội
https://www.google.com/maps/place/Si%C3%AAu+th%E1%BB%8B+m%E1%BA%B9+v%C3%A0+b%C3%A9+KidsPlaza+Khu+%C4%91%C3%B4+th%E1%BB%8B+Thanh+H%C3%A0+-+Ki%E1%BA%BFn+H%C6%B0ng+-+H%C3%A0+%C4%90%C3%B4ng+-+H%C3%A0+N%E1%BB%99i/data=!4m7!3m6!1s0x3135adc10b309c31:0xe9b4f99559b93670!8m2!3d20.9360445!4d105.7860133!16s%2Fg%2F11fprgmzkn!19sChIJMZwwC8GtNTERcDa5WZX5tOk?authuser=0&hl=en&rclk=1,Hà Nội,Siêu thị mẹ và bé ở Hà Nội
https://www.google.com/maps/place/Si%C3%AAu+th%E1%BB%8B+M%E1%BA%B9+v%C3%A0+B%C3%A9/data=!4m7!3m6!1s0x3135a9b314165861:0x4343576bfa761f5!8m2!3d21.0713657!4d105.9505606!16s%2Fg%2F11jvr546jf!19sChIJYVgWFLOpNTER9WGnv3Y1NAQ?authuser=0&hl=en&rclk=1,Hà Nội,Siêu thị mẹ và bé ở Hà Nội
https://www.google.com/maps/place/Si%C3%AAu+Th%E1%BB%8B+M%E1%BA%B9+V%C3%A0+B%C3%A9/data=!4m7!3m6!1s0x3135ab665e4f0b9b:0xe02926be6926336a!8m2!3d21.0202789!4d105.8098541!16s%2Fg%2F1jkwctbl2!19sChIJmwtPXmarNTERajMmab4mKeA?authuser=0&hl=en&rclk=1,Hà Nội,Siêu thị mẹ và bé ở Hà Nội
https://www.google.com/maps/place/H%E1%BB%87+Th%E1%BB%91ng+C%E1%BB%ADa+H%C3%A0ng+M%E1%BA%B9+v%C3%A0+B%C3%A9+Bibo+Mart+-+Th%E1%BA%BF+Gi%E1%BB%9Bi+%C4%90%E1%BB%93+S%C6%A1+Sinh+S%C6%A1n+T%C3%A2y/data=!4m7!3m6!1s0x3135aba1dad415e7:0xf5d8826c989e8aab!8m2!3d21.033048!4d105.8328419!16s%2Fg%2F124ym4gtq!19sChIJ5xXU2qGrNTERq4qemGyC2PU?authuser=0&hl=en&rclk=1,Hà Nội,Bibomart ở Hà Nội
https://www.google.com/maps/place/H%E1%BB%87+Th%E1%BB%91ng+C%E1%BB%ADa+H%C3%A0ng+M%E1%BA%B9+v%C3%A0+B%C3%A9+Bibo+Mart+-+Th%E1%BA%BF+Gi%E1%BB%9Bi+%C4%90%E1%BB%93+S%C6%A1+Sinh+Tr%E1%BA%A7n+Th%C3%A1i+T%C3%B4ng/data=!4m7!3m6!1s0x3135ab4c01c87cf9:0x6c369493a2574455!8m2!3d21.0308664!4d105.7875986!16s%2Fg%2F11bxfr2vpf!19sChIJ-XzIAUyrNTERVURXopOUNmw?authuser=0&hl=en&rclk=1,Hà Nội,Bibomart ở Hà Nội
https://www.google.com/maps/place/BiboMart/data=!4m7!3m6!1s0x313455295f16f173:0x7476539146091f8c!8m2!3d21.0348257!4d105.765615!16s%2Fg%2F11f6nh__q3!19sChIJc_EWXylVNDERjB8JRpFTdnQ?authuser=0&hl=en&rclk=1,Hà Nội,Bibomart ở Hà Nội
https://www.google.com/maps/place/H%E1%BB%87+Th%E1%BB%91ng+C%E1%BB%ADa+H%C3%A0ng+M%E1%BA%B9+v%C3%A0+B%C3%A9+Bibo+Mart+-+Th%E1%BA%BF+Gi%E1%BB%9Bi+%C4%90%E1%BB%93+S%C6%A1+Sinh+-+La+Th%C3%A0nh/data=!4m7!3m6!1s0x3135ac0e31b7513b:0xed0d2a6639f91396!8m2!3d21.026116!4d105.810449!16s%2Fg%2F11fyxbspb0!19sChIJO1G3MQ6sNTERlhP5OWYqDe0?authuser=0&hl=en&rclk=1,Hà Nội,Bibomart ở Hà Nội
https://www.google.com/maps/place/H%E1%BB%87+Th%E1%BB%91ng+C%E1%BB%ADa+H%C3%A0ng+M%E1%BA%B9+v%C3%A0+B%C3%A9+Bibo+Mart+-+Th%E1%BA%BF+Gi%E1%BB%9Bi+%C4%90%E1%BB%93+S%C6%A1+Sinh+-+Nguy%E1%BB%85n+Ch%C3%A1nh/data=!4m7!3m6!1s0x3135aca62d8d250d:0xaf9fb59ff774786e!8m2!3d21.0095431!4d105.7945047!16s%2Fg%2F11gdkqwbn5!19sChIJDSWNLaasNTERbnh095-1n68?authuser=0&hl=en&rclk=1,Hà Nội,Bibomart ở Hà Nội
https://www.google.com/maps/place/Bibo+Mart/data=!4m7!3m6!1s0x3135aca7351eaa4d:0xfe5a3bc8eb39b1ca!8m2!3d21.0108096!4d105.7994776!16s%2Fg%2F11d_ynk574!19sChIJTaoeNaesNTERyrE568g7Wv4?authuser=0&hl=en&rclk=1,Hà Nội,Bibomart ở Hà Nội
https://www.google.com/maps/place/H%E1%BB%87+Th%E1%BB%91ng+C%E1%BB%ADa+H%C3%A0ng+M%E1%BA%B9+v%C3%A0+B%C3%A9+Bibo+Mart+-+Th%E1%BA%BF+Gi%E1%BB%9Bi+%C4%90%E1%BB%93+S%C6%A1+Sinh+-+Nguy%E1%BB%85n+Ho%C3%A0ng/data=!4m7!3m6!1s0x3135ade33b1804bf:0x70e335bd4c0d428c!8m2!3d21.0313599!4d105.7745791!16s%2Fg%2F11fwpjnpcl!19sChIJvwQYO-OtNTERjEINTL0143A?authuser=0&hl=en&rclk=1,Hà Nội,Bibomart ở Hà Nội
https://www.google.com/maps/place/H%E1%BB%87+Th%E1%BB%91ng+C%E1%BB%ADa+H%C3%A0ng+M%E1%BA%B9+v%C3%A0+B%C3%A9+Bibo+Mart+-+Th%E1%BA%BF+Gi%E1%BB%9Bi+%C4%90%E1%BB%93+S%C6%A1+Sinh+-+Trung+K%C3%ADnh/data=!4m7!3m6!1s0x3135ab5759e4a609:0x6270a19893dab781!8m2!3d21.0181316!4d105.792795!16s%2Fg%2F11f2wdj86g!19sChIJCabkWVerNTERgbfak5ihcGI?authuser=0&hl=en&rclk=1,Hà Nội,Bibomart ở Hà Nội
https://www.google.com/maps/place/H%E1%BB%87+Th%E1%BB%91ng+C%E1%BB%ADa+H%C3%A0ng+M%E1%BA%B9+v%C3%A0+B%C3%A9+Bibo+Mart+-+Th%E1%BA%BF+Gi%E1%BB%9Bi+%C4%90%E1%BB%93+S%C6%A1+Sinh+-+Nguy%E1%BB%85n+Kh%C3%A1nh+To%C3%A0n/data=!4m7!3m6!1s0x3134588d292049e5:0xc2ac326cd39148ec!8m2!3d21.0365772!4d105.8028335!16s%2Fg%2F11c1xm8nc5!19sChIJ5UkgKY1YNDER7EiR02wyrMI?authuser=0&hl=en&rclk=1,Hà Nội,Bibomart ở Hà Nội
https://www.google.com/maps/place/H%E1%BB%87+Th%E1%BB%91ng+C%E1%BB%ADa+H%C3%A0ng+M%E1%BA%B9+v%C3%A0+B%C3%A9+Bibo+Mart+-+Th%E1%BA%BF+Gi%E1%BB%9Bi+%C4%90%E1%BB%93+S%C6%A1+Sinh+Ph%E1%BA%A1m+Ng%E1%BB%8Dc+Th%E1%BA%A1ch/data=!4m7!3m6!1s0x3135ac7fa8039741:0xf18098796f35c64d!8m2!3d21.0070525!4d105.8318932!16s%2Fg%2F11dx95vz3d!19sChIJQZcDqH-sNTERTcY1b3mYgPE?authuser=0&hl=en&rclk=1,Hà Nội,Bibomart ở Hà Nội
https://www.google.com/maps/place/H%E1%BB%87+Th%E1%BB%91ng+C%E1%BB%ADa+H%C3%A0ng+M%E1%BA%B9+v%C3%A0+B%C3%A9+Bibo+Mart+-+Th%E1%BA%BF+Gi%E1%BB%9Bi+%C4%90%E1%BB%93+S%C6%A1+Sinh+-+%C4%90%C6%B0%E1%BB%9Dng+B%C6%B0%E1%BB%9Fi/data=!4m7!3m6!1s0x3135addf0e03b447:0x20aec07d540fcde1!8m2!3d21.0470303!4d105.8064398!16s%2Fg%2F11hz_5bytj!19sChIJR7QDDt-tNTER4c0PVH3AriA?authuser=0&hl=en&rclk=1,Hà Nội,Bibomart ở Hà Nội
https://www.google.com/maps/place/H%E1%BB%87+Th%E1%BB%91ng+C%E1%BB%ADa+H%C3%A0ng+M%E1%BA%B9+v%C3%A0+B%C3%A9+Bibo+Mart+-+Th%E1%BA%BF+Gi%E1%BB%9Bi+%C4%90%E1%BB%93+S%C6%A1+Sinh+-+Xu%C3%A2n+La/data=!4m7!3m6!1s0x3135ab8aadf79ee7:0x9980a970344a8653!8m2!3d21.0669367!4d105.8046156!16s%2Fg%2F11r9vvcg__!19sChIJ5573rYqrNTERU4ZKNHCpgJk?authuser=0&hl=en&rclk=1,Hà Nội,Bibomart ở Hà Nội
https://www.google.com/maps/place/H%E1%BB%87+Th%E1%BB%91ng+C%E1%BB%ADa+H%C3%A0ng+M%E1%BA%B9+v%C3%A0+B%C3%A9+Bibo+Mart+-+Th%E1%BA%BF+Gi%E1%BB%9Bi+%C4%90%E1%BB%93+S%C6%A1+Sinh+-+H%E1%BB%93+T%C3%B9ng+M%E1%BA%ADu/data=!4m7!3m6!1s0x313454c70a967f23:0x3518c748d686ff83!8m2!3d21.0406746!4d105.765172!16s%2Fg%2F11bxgztrs2!19sChIJI3-WCsdUNDERg_-G1kjHGDU?authuser=0&hl=en&rclk=1,Hà Nội,Bibomart ở Hà Nội
https://www.google.com/maps/place/H%E1%BB%87+Th%E1%BB%91ng+C%E1%BB%ADa+H%C3%A0ng+M%E1%BA%B9+v%C3%A0+B%C3%A9+Bibo+Mart+-+Th%E1%BA%BF+Gi%E1%BB%9Bi+%C4%90%E1%BB%93+S%C6%A1+Sinh+B%E1%BA%A1ch+Mai/data=!4m7!3m6!1s0x3135ad83485fbdc7:0xa009ba9a7505a64c!8m2!3d21.0021603!4d105.8507021!16s%2Fg%2F11fk31k5lx!19sChIJx71fSIOtNTERTKYFdZq6CaA?authuser=0&hl=en&rclk=1,Hà Nội,Bibomart ở Hà Nội
https://www.google.com/maps/place/H%E1%BB%87+Th%E1%BB%91ng+C%E1%BB%ADa+H%C3%A0ng+M%E1%BA%B9+v%C3%A0+B%C3%A9+Bibo+Mart+-+Th%E1%BA%BF+Gi%E1%BB%9Bi+%C4%90%E1%BB%93+S%C6%A1+Sinh+-+Nguy%E1%BB%85n+Tr%C3%A3i+3/data=!4m7!3m6!1s0x3135acc70f2e0b8d:0x60939dc13f58b280!8m2!3d20.9970401!4d105.8107099!16s%2Fg%2F11f2wfl268!19sChIJjQsuD8esNTERgLJYP8Gdk2A?authuser=0&hl=en&rclk=1,Hà Nội,Bibomart ở Hà Nội
https://www.google.com/maps/place/H%E1%BB%87+Th%E1%BB%91ng+C%E1%BB%ADa+H%C3%A0ng+M%E1%BA%B9+v%C3%A0+B%C3%A9+Bibo+Mart+-+Th%E1%BA%BF+Gi%E1%BB%9Bi+%C4%90%E1%BB%93+S%C6%A1+Sinh+-+V%C5%A9+Tr%E1%BB%8Dng+Ph%E1%BB%A5ng/data=!4m7!3m6!1s0x3135ac983d6c9fb5:0xdeb41fb45001841d!8m2!3d21.0010905!4d105.8071536!16s%2Fg%2F11mn1d1wr4!19sChIJtZ9sPZisNTERHYQBULQftN4?authuser=0&hl=en&rclk=1,Hà Nội,Bibomart ở Hà Nội
https://www.google.com/maps/place/H%E1%BB%87+Th%E1%BB%91ng+C%E1%BB%ADa+H%C3%A0ng+M%E1%BA%B9+v%C3%A0+B%C3%A9+Bibo+Mart+-+Th%E1%BA%BF+Gi%E1%BB%9Bi+%C4%90%E1%BB%93+S%C6%A1+Sinh+-+Ph%E1%BA%A1m+V%C4%83n+%C4%90%E1%BB%93ng+3/data=!4m7!3m6!1s0x3134551214e0aaad:0x316877490e1eb069!8m2!3d21.0435389!4d105.7807169!16s%2Fg%2F11sb7vgh96!19sChIJrargFBJVNDERabAeDkl3aDE?authuser=0&hl=en&rclk=1,Hà Nội,Bibomart ở Hà Nội
https://www.google.com/maps/place/H%E1%BB%87+Th%E1%BB%91ng+C%E1%BB%ADa+H%C3%A0ng+M%E1%BA%B9+v%C3%A0+B%C3%A9+Bibo+Mart+-+Th%E1%BA%BF+Gi%E1%BB%9Bi+%C4%90%E1%BB%93+S%C6%A1+Sinh+-+Tr%E1%BA%A7n+%C4%90%C4%83ng+Ninh/data=!4m7!3m6!1s0x3135ab98e8e55fb7:0xb834a420c7ed1b08!8m2!3d21.0395839!4d105.7917873!16s%2Fg%2F11hfwh6p4z!19sChIJt1_l6JirNTERCBvtxyCkNLg?authuser=0&hl=en&rclk=1,Hà Nội,Bibomart ở Hà Nội
https://www.google.com/maps/place/Bibo+Mart/data=!4m7!3m6!1s0x3135ad457c223d71:0x44d14ed5be264b76!8m2!3d21.0028577!4d105.8661672!16s%2Fg%2F11ptv6dvnc!19sChIJcT0ifEWtNTERdksmvtVO0UQ?authuser=0&hl=en&rclk=1,Hà Nội,Bibomart ở Hà Nội
https://www.google.com/maps/place/H%E1%BB%87+Th%E1%BB%91ng+C%E1%BB%ADa+H%C3%A0ng+M%E1%BA%B9+v%C3%A0+B%C3%A9+Bibo+Mart+-+Th%E1%BA%BF+Gi%E1%BB%9Bi+%C4%90%E1%BB%93+S%C6%A1+Sinh+-+Green+Star/data=!4m7!3m6!1s0x313454d32495c49d:0x196685dc4f7117cf!8m2!3d21.0522942!4d105.7807432!16s%2Fg%2F11gdkqd3bc!19sChIJncSVJNNUNDERzxdxT9yFZhk?authuser=0&hl=en&rclk=1,Hà Nội,Bibomart ở Hà Nội
https://www.google.com/maps/place/H%E1%BB%87+Th%E1%BB%91ng+C%E1%BB%ADa+H%C3%A0ng+M%E1%BA%B9+v%C3%A0+B%C3%A9+Bibo+Mart+-+Th%E1%BA%BF+Gi%E1%BB%9Bi+%C4%90%E1%BB%93+S%C6%A1+Sinh+-+Ho%C3%A0ng+V%C4%83n+Th%C3%A1i/data=!4m7!3m6!1s0x3135aab4d2370893:0xf0dd32cf8d872504!8m2!3d20.9963425!4d105.8277554!16s%2Fg%2F11c496lc3x!19sChIJkwg30rSqNTERBCWHjc8y3fA?authuser=0&hl=en&rclk=1,Hà Nội,Bibomart ở Hà Nội
https://www.google.com/maps/place/H%E1%BB%87+Th%E1%BB%91ng+C%E1%BB%ADa+H%C3%A0ng+M%E1%BA%B9+v%C3%A0+B%C3%A9+Bibo+Mart+-+Th%E1%BA%BF+Gi%E1%BB%9Bi+%C4%90%E1%BB%93+S%C6%A1+Sinh+-+Quang+Trung+2/data=!4m7!3m6!1s0x313452dbfa8d87cb:0x61756f2836a00dcb!8m2!3d20.9629812!4d105.7653984!16s%2Fg%2F11f2wdpc03!19sChIJy4eN-ttSNDERyw2gNihvdWE?authuser=0&hl=en&rclk=1,Hà Nội,Bibomart ở Hà Nội
https://www.google.com/maps/place/H%E1%BB%87+Th%E1%BB%91ng+C%E1%BB%ADa+H%C3%A0ng+M%E1%BA%B9+v%C3%A0+B%C3%A9+Bibo+Mart+-+Th%E1%BA%BF+Gi%E1%BB%9Bi+%C4%90%E1%BB%93+S%C6%A1+Sinh+-+Ph%E1%BA%A1m+V%C4%83n+%C4%90%E1%BB%93ng/data=!4m7!3m6!1s0x3135ab0993845a7d:0x691671e464ba3f1!8m2!3d21.0584003!4d105.7830298!16s%2Fg%2F11s42qcc1z!19sChIJfVqEkwmrNTER8aNLRh5nkQY?authuser=0&hl=en&rclk=1,Hà Nội,Bibomart ở Hà Nội
https://www.google.com/maps/place/H%E1%BB%87+Th%E1%BB%91ng+C%E1%BB%ADa+H%C3%A0ng+M%E1%BA%B9+v%C3%A0+B%C3%A9+Bibo+Mart+-+Th%E1%BA%BF+Gi%E1%BB%9Bi+%C4%90%E1%BB%93+S%C6%A1+Sinh+-+230+L%C3%AA+Tr%E1%BB%8Dng+T%E1%BA%A5n/data=!4m7!3m6!1s0x3135ad549d9307ad:0xb01aae7b010197a1!8m2!3d20.991625!4d105.8327663!16s%2Fg%2F11pd2yx28z!19sChIJrQeTnVStNTERoZcBAXuuGrA?authuser=0&hl=en&rclk=1,Hà Nội,Bibomart ở Hà Nội
https://www.google.com/maps/place/Bibomart/data=!4m7!3m6!1s0x313455d299dc49a9:0x4232dcde386c802e!8m2!3d21.016656!4d105.7821336!16s%2Fg%2F11lh5g8w1v!19sChIJqUncmdJVNDERLoBsON7cMkI?authuser=0&hl=en&rclk=1,Hà Nội,Bibomart ở Hà Nội
https://www.google.com/maps/place/H%E1%BB%87+Th%E1%BB%91ng+C%E1%BB%ADa+H%C3%A0ng+M%E1%BA%B9+v%C3%A0+B%C3%A9+Bibo+Mart+-+Th%E1%BA%BF+Gi%E1%BB%9Bi+%C4%90%E1%BB%93+S%C6%A1+Sinh/data=!4m7!3m6!1s0x313455ce7a0279db:0x9dfc58e2dac17c40!8m2!3d20.9835143!4d105.8456552!16s%2Fg%2F11bzz_hpq0!19sChIJ23kCes5VNDERQHzB2uJY_J0?authuser=0&hl=en&rclk=1,Hà Nội,Bibomart ở Hà Nội
https://www.google.com/maps/place/Bibomart+Long+Bien/data=!4m7!3m6!1s0x3135abd587132563:0x4a09d54fd86ffda5!8m2!3d21.0481025!4d105.8749064!16s%2Fg%2F1yghb62k2!19sChIJYyUTh9WrNTERpf1v2E_VCUo?authuser=0&hl=en&rclk=1,Hà Nội,Bibomart ở Hà Nội
https://www.google.com/maps/place/H%E1%BB%87+Th%E1%BB%91ng+C%E1%BB%ADa+H%C3%A0ng+M%E1%BA%B9+v%C3%A0+B%C3%A9+Bibo+Mart+-+Th%E1%BA%BF+Gi%E1%BB%9Bi+%C4%90%E1%BB%93+S%C6%A1+Sinh+Nguy%E1%BB%85n+H%E1%BB%AFu+Th%E1%BB%8D/data=!4m7!3m6!1s0x3135ac560513c2b7:0x13ffad6f09e7d061!8m2!3d20.9696142!4d105.8296244!16s%2Fg%2F11bxg2xlr7!19sChIJt8ITBVasNTERYdDnCW-t_xM?authuser=0&hl=en&rclk=1,Hà Nội,Bibomart ở Hà Nội
https://www.google.com/maps/place/H%E1%BB%87+Th%E1%BB%91ng+C%E1%BB%ADa+H%C3%A0ng+M%E1%BA%B9+v%C3%A0+B%C3%A9+Bibo+Mart+-+Th%E1%BA%BF+Gi%E1%BB%9Bi+%C4%90%E1%BB%93+S%C6%A1+Sinh+-+M%C3%ACnh+Khai/data=!4m7!3m6!1s0x3135ada68ae949a5:0xcfbb318d190d0f12!8m2!3d20.9969654!4d105.8648634!16s%2Fg%2F11q299lfc6!19sChIJpUnpiqatNTEREg8NGY0xu88?authuser=0&hl=en&rclk=1,Hà Nội,Bibomart ở Hà Nội
https://www.google.com/maps/place/H%E1%BB%87+Th%E1%BB%91ng+C%E1%BB%ADa+H%C3%A0ng+M%E1%BA%B9+v%C3%A0+B%C3%A9+Bibo+Mart+-+Th%E1%BA%BF+Gi%E1%BB%9Bi+%C4%90%E1%BB%93+S%C6%A1+Sinh+V%C4%83n+Qu%C3%A1n/data=!4m7!3m6!1s0x3135ad1b96d8440d:0x79229226064d9a26!8m2!3d20.9762779!4d105.7886514!16s%2Fg%2F11bxg45s25!19sChIJDUTYlhutNTERJppNBiaSInk?authuser=0&hl=en&rclk=1,Hà Nội,Bibomart ở Hà Nội
https://www.google.com/maps/place/H%E1%BB%87+Th%E1%BB%91ng+C%E1%BB%ADa+H%C3%A0ng+M%E1%BA%B9+v%C3%A0+B%C3%A9+Bibo+Mart+-+Th%E1%BA%BF+Gi%E1%BB%9Bi+%C4%90%E1%BB%93+S%C6%A1+Sinh+-+Nguy%E1%BB%85n+V%C4%83n+L%E1%BB%99c/data=!4m7!3m6!1s0x3135adf6cfcb44af:0x1c96759418b80cd!8m2!3d20.9864966!4d105.7878032!16s%2Fg%2F11jndr0lf0!19sChIJr0TLz_atNTERzYCLQVlnyQE?authuser=0&hl=en&rclk=1,Hà Nội,Bibomart ở Hà Nội
https://www.google.com/maps/place/H%E1%BB%87+Th%E1%BB%91ng+C%E1%BB%ADa+H%C3%A0ng+M%E1%BA%B9+v%C3%A0+B%C3%A9+Bibo+Mart+-+Th%E1%BA%BF+Gi%E1%BB%9Bi+%C4%90%E1%BB%93+S%C6%A1+Sinh+-+Nguy%E1%BB%85n+V%C4%83n+C%E1%BB%AB/data=!4m7!3m6!1s0x3135abd6e3dd81e7:0x21f654191099cb91!8m2!3d21.043345!4d105.872001!16s%2Fg%2F11gdkqy8nw!19sChIJ54Hd49arNTERkcuZEBlU9iE?authuser=0&hl=en&rclk=1,Hà Nội,Bibomart ở Hà Nội
https://www.google.com/maps/place/H%E1%BB%87+Th%E1%BB%91ng+C%E1%BB%ADa+H%C3%A0ng+M%E1%BA%B9+v%C3%A0+B%C3%A9+Bibo+Mart+-+Th%E1%BA%BF+Gi%E1%BB%9Bi+%C4%90%E1%BB%93+S%C6%A1+Sinh+-+Xu%C3%A2n+La+1/data=!4m7!3m6!1s0x3135abfefbed023d:0x9a7c08af766c4428!8m2!3d21.0611697!4d105.8073013!16s%2Fg%2F11jx2wqxqv!19sChIJPQLt-_6rNTERKERsdq8IfJo?authuser=0&hl=en&rclk=1,Hà Nội,Bibomart ở Hà Nội
https://www.google.com/maps/place/H%E1%BB%87+Th%E1%BB%91ng+C%E1%BB%ADa+H%C3%A0ng+M%E1%BA%B9+v%C3%A0+B%C3%A9+Bibo+Mart+-+Th%E1%BA%BF+Gi%E1%BB%9Bi+%C4%90%E1%BB%93+S%C6%A1+Sinh+-+Phan+Tr%E1%BB%8Dng+Tu%E1%BB%87+2/data=!4m7!3m6!1s0x3135ada0a9dc3caf:0xf224ad6bbe854846!8m2!3d20.9567492!4d105.808917!16s%2Fg%2F11fwpjmntn!19sChIJrzzcqaCtNTERRkiFvmutJPI?authuser=0&hl=en&rclk=1,Hà Nội,Bibomart ở Hà Nội
https://www.google.com/maps/place/H%E1%BB%87+Th%E1%BB%91ng+C%E1%BB%ADa+H%C3%A0ng+M%E1%BA%B9+v%C3%A0+B%C3%A9+Bibo+Mart+-+Th%E1%BA%BF+Gi%E1%BB%9Bi+%C4%90%E1%BB%93+S%C6%A1+Sinh+-+D%C6%B0%C6%A1ng+N%E1%BB%99i/data=!4m7!3m6!1s0x313452e4f271e0eb:0xcd017388e5e735c8!8m2!3d20.9632783!4d105.7487575!16s%2Fg%2F11gdkqvx16!19sChIJ6-Bx8uRSNDERyDXn5YhzAc0?authuser=0&hl=en&rclk=1,Hà Nội,Bibomart ở Hà Nội
https://www.google.com/maps/place/H%E1%BB%87+Th%E1%BB%91ng+C%E1%BB%ADa+H%C3%A0ng+M%E1%BA%B9+v%C3%A0+B%C3%A9+Bibo+Mart+-+Th%E1%BA%BF+Gi%E1%BB%9Bi+%C4%90%E1%BB%93+S%C6%A1+Sinh+-+Ecohome/data=!4m7!3m6!1s0x3135ab33840ed0ed:0x841e4dc1cc9cd0cf!8m2!3d21.0846465!4d105.7853154!16s%2Fg%2F11nnvc8v8w!19sChIJ7dAOhDOrNTERz9CczMFNHoQ?authuser=0&hl=en&rclk=1,Hà Nội,Bibomart ở Hà Nội
https://www.google.com/maps/place/H%E1%BB%87+Th%E1%BB%91ng+C%E1%BB%ADa+H%C3%A0ng+M%E1%BA%B9+v%C3%A0+B%C3%A9+Bibo+Mart+-+Th%E1%BA%BF+Gi%E1%BB%9Bi+%C4%90%E1%BB%93+S%C6%A1+Sinh+-+Tr%E1%BA%A1m+Tr%C3%B4i/data=!4m7!3m6!1s0x313455cba002d07f:0x95f8ffd7b7d94424!8m2!3d21.068562!4d105.7101796!16s%2Fg%2F11nym50srg!19sChIJf9ACoMtVNDERJETZt9f_-JU?authuser=0&hl=en&rclk=1,Hà Nội,Bibomart ở Hà Nội
https://www.google.com/maps/place/Bibomart+Nguy%E1%BB%85n+V%C4%83n+C%E1%BB%AB/data=!4m7!3m6!1s0x3135a97ede41d9e7:0xfaa3f99032f17ca1!8m2!3d21.0592471!4d105.8921943!16s%2Fg%2F1ptwrv5cn!19sChIJ59lB3n6pNTERoXzxMpD5o_o?authuser=0&hl=en&rclk=1,Hà Nội,Bibomart ở Hà Nội
https://www.google.com/maps/place/H%E1%BB%87+Th%E1%BB%91ng+C%E1%BB%ADa+H%C3%A0ng+M%E1%BA%B9+v%C3%A0+B%C3%A9+Bibo+Mart+-+Th%E1%BA%BF+Gi%E1%BB%9Bi+%C4%90%E1%BB%93+S%C6%A1+Sinh+-+Kim+V%C4%83n/data=!4m7!3m6!1s0x3135acfbab3ceeab:0x67d4621bca2c8f1f!8m2!3d20.9723591!4d105.8203718!16s%2Fg%2F11g0212t8n!19sChIJq-48q_usNTERH48syhti1Gc?authuser=0&hl=en&rclk=1,Hà Nội,Bibomart ở Hà Nội
https://www.google.com/maps/place/H%E1%BB%87+Th%E1%BB%91ng+C%E1%BB%ADa+H%C3%A0ng+M%E1%BA%B9+v%C3%A0+B%C3%A9+Bibo+Mart+-+Th%E1%BA%BF+Gi%E1%BB%9Bi+%C4%90%E1%BB%93+S%C6%A1+Sinh+-+V%C4%83n+Kh%C3%AA/data=!4m7!3m6!1s0x3134539767abd1c9:0x5c72a4a23a20cfe5!8m2!3d20.9741156!4d105.7640435!16s%2Fg%2F11lfr0fwmn!19sChIJydGrZ5dTNDER5c8gOqKkclw?authuser=0&hl=en&rclk=1,Hà Nội,Bibomart ở Hà Nội
https://www.google.com/maps/place/Bibomart/data=!4m7!3m6!1s0x3135add26291f50d:0x9fc8443a4791d9d3!8m2!3d20.9864558!4d105.783452!16s%2Fg%2F11rkgl6vk8!19sChIJDfWRYtKtNTER09mRRzpEyJ8?authuser=0&hl=en&rclk=1,Hà Nội,Bibomart ở Hà Nội
https://www.google.com/maps/place/H%E1%BB%87+Th%E1%BB%91ng+C%E1%BB%ADa+H%C3%A0ng+M%E1%BA%B9+v%C3%A0+B%C3%A9+Bibo+Mart+-+Th%E1%BA%BF+Gi%E1%BB%9Bi+%C4%90%E1%BB%93+S%C6%A1+Sinh+-+Kh%C6%B0%C6%A1ng+%C4%90%C3%ACnh/data=!4m7!3m6!1s0x3135ad05d8b8df27:0xfb1bbb265dec707d!8m2!3d20.9932038!4d105.813768!16s%2Fg%2F11s3qchdx2!19sChIJJ9-42AWtNTERfXDsXSa7G_s?authuser=0&hl=en&rclk=1,Hà Nội,Bibomart ở Hà Nội
https://www.google.com/maps/place/H%E1%BB%87+Th%E1%BB%91ng+C%E1%BB%ADa+H%C3%A0ng+M%E1%BA%B9+v%C3%A0+B%C3%A9+Bibo+Mart+-+Th%E1%BA%BF+Gi%E1%BB%9Bi+%C4%90%E1%BB%93+S%C6%A1+Sinh+-+S%C3%A0i+%C4%90%E1%BB%93ng/data=!4m7!3m6!1s0x3135a968936c5685:0xe149f3146acd564b!8m2!3d21.0345006!4d105.9100894!16s%2Fg%2F11nm9t745x!19sChIJhVZsk2ipNTERS1bNahTzSeE?authuser=0&hl=en&rclk=1,Hà Nội,Bibomart ở Hà Nội
https://www.google.com/maps/place/H%E1%BB%87+Th%E1%BB%91ng+C%E1%BB%ADa+H%C3%A0ng+M%E1%BA%B9+v%C3%A0+B%C3%A9+Bibo+Mart+-+Th%E1%BA%BF+Gi%E1%BB%9Bi+%C4%90%E1%BB%93+S%C6%A1+Sinh+-+Ph%C3%B9ng+H%C6%B0ng/data=!4m7!3m6!1s0x3135ab6ab64ef3d7:0xdeb4333d63c9a9ee!8m2!3d20.9706582!4d105.7836953!16s%2Fg%2F11ptv7qq9w!19sChIJ1_NOtmqrNTER7qnJYz0ztN4?authuser=0&hl=en&rclk=1,Hà Nội,Bibomart ở Hà Nội
https://www.google.com/maps/place/H%E1%BB%87+Th%E1%BB%91ng+C%E1%BB%ADa+H%C3%A0ng+M%E1%BA%B9+v%C3%A0+B%C3%A9+Bibo+Mart+-+Th%E1%BA%BF+Gi%E1%BB%9Bi+%C4%90%E1%BB%93+S%C6%A1+Sinh+-+Ng%C3%B4+Xu%C3%A2n+Qu%E1%BA%A3ng/data=!4m7!3m6!1s0x3135a9d4f2294b09:0x5e7daaecf221a7fa!8m2!3d21.0175759!4d105.9367218!16s%2Fg%2F11qq017j72!19sChIJCUsp8tSpNTER-qch8uyqfV4?authuser=0&hl=en&rclk=1,Hà Nội,Bibomart ở Hà Nội
https://www.google.com/maps/place/Shop+M%E1%BA%B9+bibo/data=!4m7!3m6!1s0x313454c7a12556d7:0x5b5907720bf899c1!8m2!3d21.0398426!4d105.767534!16s%2Fg%2F11c6w0t85y!19sChIJ11YlocdUNDERwZn4C3IHWVs?authuser=0&hl=en&rclk=1,Hà Nội,Bibomart ở Hà Nội
https://www.google.com/maps/place/Kho+Bibo+Mart+H%C3%A0+N%E1%BB%99i/data=!4m7!3m6!1s0x313453f87bae610b:0xad0461c0a30f4bb9!8m2!3d21.0033047!4d105.7234646!16s%2Fg%2F11sw7013x0!19sChIJC2Gue_hTNDERuUsPo8BhBK0?authuser=0&hl=en&rclk=1,Hà Nội,Bibomart ở Hà Nội
https://www.google.com/maps/place/Si%C3%AAu+th%E1%BB%8B+m%E1%BA%B9+v%C3%A0+b%C3%A9+Bobbymart/data=!4m7!3m6!1s0x3135abed133b4dbb:0xac93641efaf71429!8m2!3d21.020179!4d105.854487!16s%2Fg%2F1q2w6lrgy!19sChIJu007E-2rNTERKRT3-h5kk6w?authuser=0&hl=en&rclk=1,Hà Nội,Bibomart ở Hà Nội
https://www.google.com/maps/place/C%E1%BB%ADa+H%C3%A0ng+%C4%90%E1%BB%93+Ch%C6%A1i+Tr%E1%BA%BB+Em+BiBo+Mart/data=!4m7!3m6!1s0x3135aba1d750c925:0xfc6fdfee8fe835e4!8m2!3d21.0330269!4d105.8326515!16s%2Fg%2F1pzqwl7ct!19sChIJJclQ16GrNTER5DXoj-7fb_w?authuser=0&hl=en&rclk=1,Hà Nội,Bibomart ở Hà Nội
https://www.google.com/maps/place/Bibomart/data=!4m7!3m6!1s0x3135acc70d64c311:0x739f2a42ecc85f2b!8m2!3d20.9877244!4d105.7974446!16s%2Fg%2F11sgzwm4sh!19sChIJEcNkDcesNTERK1_I7EIqn3M?authuser=0&hl=en&rclk=1,Hà Nội,Bibomart ở Hà Nội
https://www.google.com/maps/place/Bibo+Mart/data=!4m7!3m6!1s0x3135ab3d02bac053:0x72b8358fc30cae43!8m2!3d21.0440556!4d105.8026416!16s%2Fg%2F11f3t_gqtw!19sChIJU8C6Aj2rNTERQ64Mw481uHI?authuser=0&hl=en&rclk=1,Hà Nội,Bibomart ở Hà Nội
https://www.google.com/maps/place/Kids+Plaza/data=!4m7!3m6!1s0x3135ab0ae8ff787b:0x753e2c99a380b7a6!8m2!3d21.0342524!4d105.8272627!16s%2Fg%2F1hm4jj1v9!19sChIJe3j_6AqrNTERpreAo5ksPnU?authuser=0&hl=en&rclk=1,Hà Nội,KidPlaza ở Hà Nội
https://www.google.com/maps/place/Si%C3%AAu+th%E1%BB%8B+m%E1%BA%B9+b%E1%BA%A7u+v%C3%A0+em+b%C3%A9+KidsPlaza+211+Trung+K%C3%ADnh/data=!4m7!3m6!1s0x3135ab50c838b6df:0x46f384094fb353f3!8m2!3d21.0193902!4d105.7921987!16s%2Fg%2F11dxbjszv2!19sChIJ37Y4yFCrNTER81OzTwmE80Y?authuser=0&hl=en&rclk=1,Hà Nội,KidPlaza ở Hà Nội
https://www.google.com/maps/place/Mother+and+baby+shop+Kids+Plaza+340+Bach+Mai/data=!4m7!3m6!1s0x3135ac73621b3233:0x36b2dfbc049523ac!8m2!3d21.0181709!4d105.8550556!16s%2Fg%2F11c1t560k2!19sChIJMzIbYnOsNTERrCOVBLzfsjY?authuser=0&hl=en&rclk=1,Hà Nội,KidPlaza ở Hà Nội
https://www.google.com/maps/place/Si%C3%AAu+th%E1%BB%8B+m%E1%BA%B9+b%E1%BA%A7u+v%C3%A0+em+b%C3%A9+KidsPlaza+27+Tr%E1%BA%A7n+Duy+H%C6%B0ng/data=!4m7!3m6!1s0x3135abc882ddf3b1:0x8fd6f0844df7b95b!8m2!3d21.0132018!4d105.8028691!16s%2Fg%2F11h67v41wc!19sChIJsfPdgsirNTERW7n3TYTw1o8?authuser=0&hl=en&rclk=1,Hà Nội,KidPlaza ở Hà Nội
https://www.google.com/maps/place/Si%C3%AAu+th%E1%BB%8B+m%E1%BA%B9+b%E1%BA%A7u+v%C3%A0+em+b%C3%A9+KidsPlaza+52+V%C5%A9+Tr%E1%BB%8Dng+Ph%E1%BB%A5ng/data=!4m7!3m6!1s0x3135ad29fa4e2ba5:0x99735f808f0a3ede!8m2!3d20.9980478!4d105.8093403!16s%2Fg%2F11h8wr6c86!19sChIJpStO-imtNTER3j4Kj4Bfc5k?authuser=0&hl=en&rclk=1,Hà Nội,KidPlaza ở Hà Nội
https://www.google.com/maps/place/Si%C3%AAu+th%E1%BB%8B+m%E1%BA%B9+b%E1%BA%A7u+v%C3%A0+em+b%C3%A9+KidsPlaza+T%C3%B4+Hi%E1%BB%87u/data=!4m7!3m6!1s0x3135ab0aba33769f:0xbeeeaba1ee8f9e77!8m2!3d21.0415031!4d105.7906962!16s%2Fg%2F11sysgd8jj!19sChIJn3YzugqrNTERd56P7qGr7r4?authuser=0&hl=en&rclk=1,Hà Nội,KidPlaza ở Hà Nội
https://www.google.com/maps/place/Kids+Plaza+Nguy%E1%BB%85n+Ho%C3%A0ng/data=!4m7!3m6!1s0x313455aee8c9b88f:0x723dffd818840b8c!8m2!3d21.0302455!4d105.7751977!16s%2Fg%2F11j3x4kn1r!19sChIJj7jJ6K5VNDERjAuEGNj_PXI?authuser=0&hl=en&rclk=1,Hà Nội,KidPlaza ở Hà Nội
https://www.google.com/maps/place/Si%C3%AAu+th%E1%BB%8B+m%E1%BA%B9+b%E1%BA%A7u+v%C3%A0+em+b%C3%A9+KidsPlaza+47+C%E1%BB%95+Nhu%E1%BA%BF/data=!4m7!3m6!1s0x3134551a6b5aee05:0xf053fcf4fcdab94f!8m2!3d21.0598968!4d105.7823021!16s%2Fg%2F11h1lthhnm!19sChIJBe5aaxpVNDERT7na_PT8U_A?authuser=0&hl=en&rclk=1,Hà Nội,KidPlaza ở Hà Nội
https://www.google.com/maps/place/Si%C3%AAu+th%E1%BB%8B+M%E1%BA%B9+b%E1%BA%A7u+v%C3%A0+Em+b%C3%A9+KidsPlaza+1048+%C4%90%C3%AA+La+Th%C3%A0nh/data=!4m7!3m6!1s0x3135ab69ee217181:0x2d8561c46fb7b589!8m2!3d21.0267941!4d105.8099262!16s%2Fg%2F11c70dn8v_!19sChIJgXEh7mmrNTERibW3b8RhhS0?authuser=0&hl=en&rclk=1,Hà Nội,KidPlaza ở Hà Nội
https://www.google.com/maps/place/H%E1%BB%87+th%E1%BB%91ng+c%E1%BB%ADa+h%C3%A0ng+m%E1%BA%B9+b%E1%BA%A7u+v%C3%A0+em+b%C3%A9+Kids+Plaza+H%E1%BB%93+T%C3%B9ng+M%E1%BA%ADu+H%C3%A0+N%E1%BB%99i/data=!4m7!3m6!1s0x313455e6554a5b73:0x48189eb3b2de61fc!8m2!3d21.0403127!4d105.76645!16s%2Fg%2F11lh5flys_!19sChIJc1tKVeZVNDER_GHesrOeGEg?authuser=0&hl=en&rclk=1,Hà Nội,KidPlaza ở Hà Nội
https://www.google.com/maps/place/Si%C3%AAu+th%E1%BB%8B+m%E1%BA%B9+b%E1%BA%A7u+v%C3%A0+em+b%C3%A9+KidsPlaza+Hai+B%C3%A0+Tr%C6%B0ng/data=!4m7!3m6!1s0x3135abadba1178bd:0x807c0725524209b1!8m2!3d21.051026!4d105.838628!16s%2Fg%2F11c5rs1rf1!19sChIJvXgRuq2rNTERsQlCUiUHfIA?authuser=0&hl=en&rclk=1,Hà Nội,KidPlaza ở Hà Nội
https://www.google.com/maps/place/Si%C3%AAu+th%E1%BB%8B+m%E1%BA%B9+b%E1%BA%A7u+v%C3%A0+em+b%C3%A9+Kids+Plaza+Tr%E1%BA%A7n+Th%C3%A1i+T%C3%B4ng/data=!4m7!3m6!1s0x3135ab3f1270d933:0x94f27582840608e9!8m2!3d21.0347745!4d105.7893698!16s%2Fg%2F12616zq2p!19sChIJM9lwEj-rNTER6QgGhIJ18pQ?authuser=0&hl=en&rclk=1,Hà Nội,KidPlaza ở Hà Nội
"https://www.google.com/maps/place/H%E1%BB%87+th%E1%BB%91ng+M%E1%BA%B9+b%E1%BA%A7u+%26+Em+b%C3%A9+Kids+Plaza+128+Ph%E1%BB%91+X%E1%BB%91m,+P.Ph%C3%BA+L%C3%A3m+,+Q.H%C3%A0+%C4%90%C3%B4ng/data=!4m7!3m6!1s0x313453c0253ae4ff:0x3e14141d4d17a9fa!8m2!3d20.9425677!4d105.7566532!16s%2Fg%2F11frhjn3v_!19sChIJ_-Q6JcBTNDER-qkXTR0UFD4?authuser=0&hl=en&rclk=1",Hà Nội,KidPlaza ở Hà Nội
"https://www.google.com/maps/place/H%E1%BB%87+th%E1%BB%91ng+c%E1%BB%ADa+h%C3%A0ng+M%E1%BA%B9+b%E1%BA%A7u+%26+Em+b%C3%A9+Kids+PLaza+s%E1%BB%91+220+%C4%90%E1%BB%8Bnh+C%C3%B4ng+H%E1%BA%A1,+Thanh+Xu%C3%A2n,+H%C3%A0+N%E1%BB%99i/data=!4m7!3m6!1s0x3135abe839007399:0x3af2bc1f61a047ba!8m2!3d20.9842321!4d105.8244101!16s%2Fg%2F11j38j_hlw!19sChIJmXMAOeirNTERukegYR-88jo?authuser=0&hl=en&rclk=1",Hà Nội,KidPlaza ở Hà Nội
https://www.google.com/maps/place/Si%C3%AAu+th%E1%BB%8B+m%E1%BA%B9+v%C3%A0+b%C3%A9+KidsPlaza+104A+T%C3%B4n+Th%E1%BA%A5t+T%C3%B9ng/data=!4m7!3m6!1s0x3135ac7d800bb291:0x3901562811139bf1!8m2!3d21.006051!4d105.8308676!16s%2Fg%2F11c1txqymd!19sChIJkbILgH2sNTER8ZsTEShWATk?authuser=0&hl=en&rclk=1,Hà Nội,KidPlaza ở Hà Nội
https://www.google.com/maps/place/Kids+Plaza/data=!4m7!3m6!1s0x3135ac83c7c03537:0xd3ce90de6dadc4e9!8m2!3d21.0061731!4d105.8222008!16s%2Fg%2F11c56zs94q!19sChIJNzXAx4OsNTER6cStbd6QztM?authuser=0&hl=en&rclk=1,Hà Nội,KidPlaza ở Hà Nội
"https://www.google.com/maps/place/H%E1%BB%87+th%E1%BB%91ng+c%E1%BB%ADa+h%C3%A0ng+M%E1%BA%B9+b%E1%BA%A7u+%26+Em+b%C3%A9+Kids+Plaza+s%E1%BB%91+6+Kim+Ng%C6%B0u,+Thanh+Nh%C3%A0n,+Hai+B%C3%A0+Tr%C6%B0ng/data=!4m7!3m6!1s0x3135ab5abf313561:0x7c7dd68412cc60f!8m2!3d21.0087425!4d105.8605906!16s%2Fg%2F11fm9sy084!19sChIJYTUxv1qrNTERD8YsQWjdxwc?authuser=0&hl=en&rclk=1",Hà Nội,KidPlaza ở Hà Nội
https://www.google.com/maps/place/Si%C3%AAu+th%E1%BB%8B+m%E1%BA%B9+b%E1%BA%A7u+v%C3%A0+em+b%C3%A9+KidsPlaza+V%C6%B0%C6%A1ng+Th%E1%BB%ABa+V%C5%A9/data=!4m7!3m6!1s0x3135ac07b9441ecb:0xa921f28514abae74!8m2!3d21.0007067!4d105.8223934!16s%2Fg%2F11c5rr_np4!19sChIJyx5EuQesNTERdK6rFIXyIak?authuser=0&hl=en&rclk=1,Hà Nội,KidPlaza ở Hà Nội
https://www.google.com/maps/place/Si%C3%AAu+th%E1%BB%8B+m%E1%BA%B9+b%E1%BA%A7u+v%C3%A0+em+b%C3%A9+KidsPlaza+90+Nguy%E1%BB%85n+Kh%C3%A1nh+To%C3%A0n/data=!4m7!3m6!1s0x3135ab48716b6dc7:0x40bb1513ee32ddc8!8m2!3d21.0370801!4d105.8021438!16s%2Fg%2F11c5rqfs87!19sChIJx21rcUirNTERyN0y7hMVu0A?authuser=0&hl=en&rclk=1,Hà Nội,KidPlaza ở Hà Nội
https://www.google.com/maps/place/Kids+Plaza/data=!4m7!3m6!1s0x3135ac044175c027:0x7b185a3e2244c64f!8m2!3d20.9972416!4d105.8657339!16s%2Fg%2F11c56rtc44!19sChIJJ8B1QQSsNTERT8ZEIj5aGHs?authuser=0&hl=en&rclk=1,Hà Nội,KidPlaza ở Hà Nội
https://www.google.com/maps/place/Mother+and+baby+shop+Kids+Plaza/data=!4m7!3m6!1s0x3135abada52d6c23:0x59f8cb0fd4d4457d!8m2!3d21.0510712!4d105.8389977!16s%2Fg%2F11c1s6xqs5!19sChIJI2wtpa2rNTERfUXU1A_L-Fk?authuser=0&hl=en&rclk=1,Hà Nội,KidPlaza ở Hà Nội
https://www.google.com/maps/place/Si%C3%AAu+th%E1%BB%8B+m%E1%BA%B9+v%C3%A0+b%C3%A9+KidsPlaza+193+T%C3%A2y+M%E1%BB%97/data=!4m7!3m6!1s0x31345333e5ed1d83:0x4e2922ba42f4d878!8m2!3d20.998185!4d105.751788!16s%2Fg%2F11svndckjd!19sChIJgx3t5TNTNDEReNj0QroiKU4?authuser=0&hl=en&rclk=1,Hà Nội,KidPlaza ở Hà Nội
https://www.google.com/maps/place/Si%C3%AAu+th%E1%BB%8B+m%E1%BA%B9+b%E1%BA%A7u+v%C3%A0+em+b%C3%A9+KidsPlaza+X%C3%A3+%C4%90%C3%A0n/data=!4m7!3m6!1s0x3135ac7499432b77:0x362f6c5c0142f462!8m2!3d21.0148121!4d105.8339473!16s%2Fg%2F11c2kd7vqv!19sChIJdytDmXSsNTERYvRCAVxsLzY?authuser=0&hl=en&rclk=1,Hà Nội,KidPlaza ở Hà Nội
https://www.google.com/maps/place/Mother+And+Baby+Shop+Kids+Plaza+35+Van+Phuc/data=!4m7!3m6!1s0x313453306b60a487:0xa809f93aa9e21e2b!8m2!3d20.9818483!4d105.7710655!16s%2Fg%2F11cs2hrmz0!19sChIJh6RgazBTNDERKx7iqTr5Cag?authuser=0&hl=en&rclk=1,Hà Nội,KidPlaza ở Hà Nội
https://www.google.com/maps/place/Si%C3%AAu+th%E1%BB%8B+m%E1%BA%B9+b%E1%BA%A7u+v%C3%A0+em+b%C3%A9+Kids+Plaza+Nguy%E1%BB%85n+Xi%E1%BB%83n/data=!4m7!3m6!1s0x3135ad9799837407:0x716fda8e88858267!8m2!3d20.9907718!4d105.8032483!16s%2Fg%2F11j6v2bv8b!19sChIJB3SDmZetNTERZ4KFiI7ab3E?authuser=0&hl=en&rclk=1,Hà Nội,KidPlaza ở Hà Nội
https://www.google.com/maps/place/Si%C3%AAu+th%E1%BB%8B+m%E1%BA%B9+b%E1%BA%A7u+v%C3%A0+em+b%C3%A9+Kids+Plaza+M%E1%BA%ADu+L%C6%B0%C6%A1ng/data=!4m7!3m6!1s0x3135ad5f72f11d67:0x4e28566f0b2a872d!8m2!3d20.9567103!4d105.7928728!16s%2Fg%2F11fs_xff46!19sChIJZx3xcl-tNTERLYcqC29WKE4?authuser=0&hl=en&rclk=1,Hà Nội,KidPlaza ở Hà Nội
https://www.google.com/maps/place/Si%C3%AAu+th%E1%BB%8B+m%E1%BA%B9+b%E1%BA%A7u+v%C3%A0+em+b%C3%A9+KidsPlaza+66+Nguy%E1%BB%85n+Khuy%E1%BA%BFn+-+H%C3%A0+%C4%90%C3%B4ng/data=!4m7!3m6!1s0x3135acd18b59bfd1:0x1fa5e9320a91e7af!8m2!3d20.9769707!4d105.7881272!16s%2Fg%2F11btrs6dpz!19sChIJ0b9Zi9GsNTERr-eRCjLppR8?authuser=0&hl=en&rclk=1,Hà Nội,KidPlaza ở Hà Nội
https://www.google.com/maps/place/Si%C3%AAu+th%E1%BB%8B+m%E1%BA%B9+b%E1%BA%A7u+v%C3%A0+em+b%C3%A9+KidsPlaza+174+L%E1%BA%A1c+Long+Qu%C3%A2n/data=!4m7!3m6!1s0x3135ab1ecad4cea9:0x31093a416989ebb7!8m2!3d21.0518204!4d105.8090785!16s%2Fg%2F11c1s4tkng!19sChIJqc7Uyh6rNTERt-uJaUE6CTE?authuser=0&hl=en&rclk=1,Hà Nội,KidPlaza ở Hà Nội
https://www.google.com/maps/place/Kids+Plaza/data=!4m7!3m6!1s0x3135ac051f6df4c9:0xb8b86d822b49934b!8m2!3d20.9939747!4d105.8691263!16s%2Fg%2F11c2khv0z3!19sChIJyfRtHwWsNTERS5NJK4JtuLg?authuser=0&hl=en&rclk=1,Hà Nội,KidPlaza ở Hà Nội
https://www.google.com/maps/place/Si%C3%AAu+th%E1%BB%8B+m%E1%BA%B9+b%E1%BA%A7u+v%C3%A0+em+b%C3%A9+KidsPlaza+Nguy%E1%BB%85n+H%E1%BB%AFu+Th%E1%BB%8D/data=!4m7!3m6!1s0x3135ad6525ce55d3:0xaaafd5f2435e417a!8m2!3d20.9697017!4d105.8298972!16s%2Fg%2F11f9g7yxjj!19sChIJ01XOJWWtNTERekFeQ_LVr6o?authuser=0&hl=en&rclk=1,Hà Nội,KidPlaza ở Hà Nội
https://www.google.com/maps/place/H%E1%BB%87+Th%E1%BB%91ng+C%E1%BB%ADa+H%C3%A0ng+M%E1%BA%B9+%26+B%C3%A9+Kids+Plaza/data=!4m7!3m6!1s0x3135ac73667835a7:0x7e45c5ee3059f7b2!8m2!3d21.000722!4d105.8504591!16s%2Fg%2F11btrr28h6!19sChIJpzV4ZnOsNTERsvdZMO7FRX4?authuser=0&hl=en&rclk=1,Hà Nội,KidPlaza ở Hà Nội
https://www.google.com/maps/place/Si%C3%AAu+th%E1%BB%8B+m%E1%BA%B9+b%E1%BA%A7u+v%C3%A0+em+b%C3%A9+Kids+Plaza+182B+L%E1%BA%A1c+Trung/data=!4m7!3m6!1s0x3135ac05a60cb53f:0x813e0afda5ca269!8m2!3d21.0030822!4d105.8658739!16s%2Fg%2F11csqh0x2n!19sChIJP7UMpgWsNTERaaJc2q_gEwg?authuser=0&hl=en&rclk=1,Hà Nội,KidPlaza ở Hà Nội
https://www.google.com/maps/place/C%E1%BB%ADa+H%C3%A0ng+M%E1%BA%B9+v%C3%A0+B%C3%A9+Kids+Plaza/data=!4m7!3m6!1s0x3134532bc5baad31:0xcfacfb6745bcde83!8m2!3d20.9714111!4d105.7760619!16s%2Fg%2F11c57m3x_r!19sChIJMa26xStTNDERg968RWf7rM8?authuser=0&hl=en&rclk=1,Hà Nội,KidPlaza ở Hà Nội
https://www.google.com/maps/place/C%E1%BB%ADa+h%C3%A0ng+M%E1%BA%B9+v%C3%A0+B%C3%A9+Kids+Plaza+43+L%E1%BA%A1c+Trung/data=!4m7!3m6!1s0x3135ac064b1c4291:0xd7d61d1848f5345e!8m2!3d21.0030771!4d105.8657197!16s%2Fg%2F11c1skdvmt!19sChIJkUIcSwasNTERXjT1SBgd1tc?authuser=0&hl=en&rclk=1,Hà Nội,KidPlaza ở Hà Nội
https://www.google.com/maps/place/C%E1%BB%ADa+H%C3%A0ng+Kids+Plaza/data=!4m7!3m6!1s0x3135ac7e4e43e02b:0x1c74be58d28496a9!8m2!3d21.00591!4d105.8311464!16s%2Fg%2F11ddytztwv!19sChIJK-BDTn6sNTERqZaE0li-dBw?authuser=0&hl=en&rclk=1,Hà Nội,KidPlaza ở Hà Nội
https://www.google.com/maps/place/H%E1%BB%87+th%E1%BB%91ng+c%E1%BB%ADa+h%C3%A0ng+M%E1%BA%B9+b%E1%BA%A7u+%26+Em+b%C3%A9+Kids+Plaza+Kiot+4+-+6+t%E1%BA%A7ng+1+HH03A+Khu+%C4%90T+Thanh+H%C3%A0+%E2%80%93+H%C3%A0+%C4%90%C3%B4ng/data=!4m7!3m6!1s0x313453c7ec244b0d:0xbe3f5689a3aaa086!8m2!3d20.955835!4d105.7563658!16s%2Fg%2F11h807r5rg!19sChIJDUsk7MdTNDERhqCqo4lWP74?authuser=0&hl=en&rclk=1,Hà Nội,KidPlaza ở Hà Nội
https://www.google.com/maps/place/%C4%90%E1%BB%93+s%C6%A1+sinh+m%C3%B9a+h%C3%A8+-+Kids+Plaza+-+Combo+%C4%91%E1%BB%93+s%C6%A1+sinh+m%C3%B9a+h%C3%A8+b%C3%A9+trai+b%C3%A9+g%C3%A1i/data=!4m7!3m6!1s0x3135ad28ef4a0313:0xd3d0b02739bd8c0b!8m2!3d20.9978737!4d105.795412!16s%2Fg%2F11j6gqyy0v!19sChIJEwNK7yitNTERC4y9OSew0NM?authuser=0&hl=en&rclk=1,Hà Nội,KidPlaza ở Hà Nội
https://www.google.com/maps/place/Kidsplaza+410+Quang+Trung/data=!4m7!3m6!1s0x313452dbee737dc7:0xa189096b299a0f19!8m2!3d20.9627002!4d105.7650062!16s%2Fg%2F11c2jzbplz!19sChIJx31z7ttSNDERGQ-aKWsJiaE?authuser=0&hl=en&rclk=1,Hà Nội,KidPlaza ở Hà Nội
https://www.google.com/maps/place/Si%C3%AAu+th%E1%BB%8B+m%E1%BA%B9+b%E1%BA%A7u+v%C3%A0+em+b%C3%A9+KidsPlaza+HH4B+Linh+%C4%90%C3%A0m/data=!4m7!3m6!1s0x3134532bd1486f03:0x1396a7b85ca57b3e!8m2!3d20.9632592!4d105.8263203!16s%2Fg%2F11c1tz0sp7!19sChIJA29I0StTNDERPnulXLinlhM?authuser=0&hl=en&rclk=1,Hà Nội,KidPlaza ở Hà Nội
https://www.google.com/maps/place/Si%C3%AAu+th%E1%BB%8B+M%E1%BA%B9+b%E1%BA%A7u+v%C3%A0+em+b%C3%A9+KidsPlaza+28+Kh%C6%B0%C6%A1ng+Trung/data=!4m7!3m6!1s0x3135adc4bc08d153:0xc1baaed34a627197!8m2!3d20.9987229!4d105.8186711!16s%2Fg%2F11rtvrz95z!19sChIJU9EIvMStNTERl3FiStOuusE?authuser=0&hl=en&rclk=1,Hà Nội,KidPlaza ở Hà Nội
https://www.google.com/maps/place/Kids+Plaza+Store+Support+Office/data=!4m7!3m6!1s0x313453c84e191761:0x33309104b63234f8!8m2!3d20.9798769!4d105.7675987!16s%2Fg%2F11gmxx9tqp!19sChIJYRcZTshTNDER-DQytgSRMDM?authuser=0&hl=en&rclk=1,Hà Nội,KidPlaza ở Hà Nội
