Sản phẩm,Số lượng cần nhập
Thiết bị giảm ốm nghén và say xe Reliefband,747
Bình sữa silicon Kamidi màu nâu 250ml,769
Giày tập đi Hanni bé trai,771
Bô vệ sinh Bibo's 105,769
Tổ yến chưng đường phèn Bestnest Hội An Kid's Lọ 70ml,772
Máy hút sữa bằng tay Unimom Mezzo UM880052,768
Xe lắc cao cấp BEIE B7070 màu xanh,762
Áo len bé trai cài giữa KidsPlaza ND23D (Ghi),771
Khăn xô Bibo's xuất Nhật 4 lớp,771
Tinh dầu tràm nguyên chất KidsPlaza 50ml,771
Set 2 khăn vải bông 3 lớp L'Ange 90x90,769
Đồ chơi bánh răng xe lửa CY.22132,771
Set 2 tã dán Bibo's trắng viền cam (0 - 3M),771
Set 2 yếm tam giác KidsPlaza Otis ND24H (Xanh dương),771
Sandal Aoyidu Keni C- 6,771
Ba lô chống thấm hình cú hồng 03M,769
Pho mai rắc Meg 50g cho bé trên 6 tháng tuổi,771
Túi ủ bình sữa đôi Kuku 5448,770
Bộ quần áo cộc tay bé trai Kiza in voi BA23H (Xanh),772
Bình sữa Comotomo xanh 250ml (Tách lẻ),769
Cọ rửa bình sữa dạng xoay silicon Mammy shop,771
Bộ quần áo ba lỗ bé trai KidsPlaza Otis ND24H (Tím than),771
Nước tương tách muối nguyên chất Toppoil 100ml,772
Sách vải Lalala Baby My very first book - Số đếm,771
Xe tập đi Mastela W2000TP7,768
Khay đá Kari 21 viên có nắp và khay dùng (Màu ngẫu nhiên),772
Thùng 48 hộp sữa nước PediaSure hương vani 110ml,764
Bộ quần áo ba lỗ bé gái Otis KidsPlaza ND23H (Hồng),771
Hộp bút vải hình phi hành gia H02,772
Cây rửa bình sữa và phụ kiện bình Combi,771
Gối chống trào ngược Bibo's xô muslin thỏ hồng,769
Bộ bao tay chân sọc màu + mũ hai lớp MT19,772
Sữa Vinamilk Optimum Gold 2 800g cho bé 6M-12M,769
Bộ cài vai dài tay Bibo's bé trai gấu Grizzly ghi,771
Dầu cá hồi nguyên chất Toppoil 100ml,771
Ba lô giữ nhiệt V-Coool cho mẹ,770
Gối chặn KidsPlaza Muslin thỏ PG23,771
Yếm ăn silicone cho bé KidsPlaza 6903 (Xanh),771
Quần đùi bồng bé gái Chong Chóng CM30 đỏ,772
Đồ chơi bóp dẻo hình vịt con dễ thương,771
Mũ sơ sinh KidsPlaza Otis ND23T (Trắng be),772
Quần đùi bé gái Chong Chóng HMT-B646 màu hồng,771
Giầy tập đi Mamago K13 hình Chuột Caro size 13 (Xanh),771
Bộ trang sức ngọc trai 5 món hình sò sao biển tím,771
Sục nhựa Mario CC-9999,771
Body bé gái ren đính nơ KidsPlaza HN22D (trắng),771
Bộ cộc tay Lullaby raglan NH147V trắng - nâu sữa,771
Bảng gỗ ghép chữ viết thường cho bé ZY-016,772
Bộ quần áo cho mẹ sau sinh KidsPlaza có ren TM23 (Xám),770
Xe tập đi Bibo's W1005NA6,767
Bánh gạo tươi Nhật Haihain vị hải sản cho bé 7M+,772
Bình sữa Aoi Flow 280ml PPSU (màu ngẫu nhiên),770
Gen nịt bụng WonMom,771
Giày tập đi KidsPlaza basic 22K-S3 (Xanh Đậm),771
Núm ty silicon Pigeon Plus siêu mềm size LL,771
Bộ quần áo dài tay bé gái KidsPlaza in thỏ baby VY23T (Hồng),770
Núm ty Pigeon Plus thế hệ III siêu mềm (2 cái/vỉ),770
Nắp bồn cầu Rotho Babydesign TOP tender rose pearl,769
Máy hút sữa điện đơn Unimom K - Pop Eco UM871104,762
Dép sandal tập đi Mamago cho bé trai Q12BR,771
Mũ chụp len 2861,772
Bàn chải đánh răng cá xanh Chicco 69582,771
Màng bọc thực phẩm PE Shinsen 30x20000cm,771
Bộ đồ bơi cho bé 2 trong 1 Nr.20012,768
Núm ty Pigeon silicone siêu mềm Plus thế hệ III size M (2 cái/vỉ),771
Mũ sơ sinh Mamago Twikle star (Cam) ND20H,772
Đồ chơi thổi bóng xà phòng hình tàu DR3011,771
Xích đu cao cấp YYP2031 hình tên lửa màu trắng,766
Sữa Frisolac Gold Pro số 1 800g cho bé 0-6M,767
Sữa PediaSure hương vani 1.6 kg (1 - 10 tuổi) (Giao mẫu ngẫu nhiên),764
Bộ quần áo dài tay bé trai KidsPlaza in Holide TT23T (Xanh xám),770
Bộ cộc tay Bibo’s trắng in thỏ,771
Sữa ong chúa Healthy Care Royal Jelly 1000mg,766
Kem dưỡng da Bubchen cho trẻ sơ sinh 75ml,771
Body dài tay cài lệch KidsPlaza in lừa M24H (Xanh),771
Body cộc ôm sát bẹn KidsPlaza Otis ND24H (Trắng),771
Mũ len họa tiết mặt cười MZ8113,772
Bột ăn dặm Aptamil vị ngô 125g,771
Áo sơ sinh dài tay KidsPlaza in hình chú thỏ (Trắng Hồng) 12-18M,772
Bộ đồ chơi nhà bếp Merx MX0158310,771
Đồ chơi xe đà chú bò lái Vespa 3525 SY686B-605,772
Quần sơ sinh cộc Kiza in hình cá heo (Trắng xanh) 6-9M,772
Xe đẩy thông minh cao cấp Playkids X6-3 hình tai thỏ màu hồng,752
Móc dính tường treo đồ ngộ nghĩnh LSSN10,771
Chiếu điều hòa in hình gấu trúc AC22 (Hồng),770
Khẩu trang Bibo's gấu Grizzly trắng,772
Áo gile bông KidsPlaza cúc sườn HN23D (Trắng),771
Sữa tắm gội cho bé Pigeon Natural Botanical 200ml (Từ sơ sinh),771
Khăn mặt xô Pile & Gauze in hình 20 x 20cm (1 chiếc),772
Đồ chơi gậy bong bóng phát sáng,772
Đồ chơi ghép đồng hồ Hape E1662A,770
Cốc uống nước KidsPlaza U04 Alpaca 75g,772
Sữa chua uống Susu hương táo nho (1 hộp x 80ml) cho bé - (Khuyến mại không bán),772
Bình sữa Pigeon PPSU Plus WN3 hình gà con 160ml,769
Bộ sát nách bé gái Bibo’s hoa màu hồng,771
Mũ len lông xù hình gấu tai to,771
Ty ngậm MiniLight Pigeon hình ong (6 - 12 tháng),771
Đồ chơi đầu tàu kéo gấu trắng Hola E7995,771
Áo cài vai cộc tay Bibo’s Tom & Jerry hồng đậm,771
Quần sơ sinh cộc Kiza in hình chú thỏ (Trắng hồng) 6-9M,772
Sữa Nubone Step 1 750g (0 - 12 tháng),767
Dầu dừa dưỡng trắng da Sense Plus Turmeric 50ml,771
Lời thương gửi con yêu - Đã đến Giáng sinh chưa?,772
Gặm nướu Moyuum silicone chống mút tay hình voi (Hồng),769
Phô mai tươi Zott Milk Tiger vị Dâu - Vani cho bé trên 6 tháng tuổi,772
Bộ bé trai dài tay cài giữa tam giác Otis KidsPlaza ND22T (Trắng Xanh),771
Kẹo thạch vị đào ORIHIRO 120g,772
Dầu hạt chia nguyên chất Ecofood 60ml,771
Ngũ cốc lợi sữa Anpaso hộp 450g,770
Sữa chua sấy lạnh Haeswim vị táo dạng gói 16g,771
Set váy bé gái cộc tay Kidslaza in Fresh HN23H (Trắng hồng),771
Mũ tai thú sơ sinh Bibo's QS1804 hồng nhạt,772
Xe ô tô chòi chân ZM-03,770
Giày len sơ sinh họa tiết nơ hồng LO3A,771
Bình sữa Pigeon nhựa PP vịt xanh 120ml,772
Áo cổ cao bé trai Bibos HY-397831,771
Bỉm - Tã dán Moony Natural nội địa size M 46 miếng (6 - 11kg),770
Sữa France Lait số 1 400g (0 - 6 tháng),770
Sữa cho mẹ sau sinh Matilia vị socola (lốc 4 hộp),770
Địu em bé Mothercare 4 tư thế BB00A,769
Bình sữa Hegen PPSU 240ml (3 - 6 tháng),768
Kẹo dẻo Haribo Goldbears 80g,772
Cháo tươi Cây Thị cá lóc đậu xanh 240g cho bé 7M+,772
Những chiếc xe hiệp sĩ: Một ngày của xe cứu hộ,772
Set khăn mũ len cho bé bông mềm hai tai IT,771
Mũ gội đầu chắn nước vương miện màu xanh,772
Váy Bibo’s hồng phối ngực,771
Sô cô la Kinder Joy cho bé gái (Trên 3 tuổi),772
Kéo cắt móng tay Kuku Duckbill Ku3017,771
Set 2 đôi tất trẻ em chống trượt EK2112 LOC2 (18M - 6Y),771
Đèn phát sáng hình gà con D03,772
Chuyện kể cho bé - Lời cảm ơn,772
Trái cây nghiền nguyên chất Andros Fruit Me Up vị Mãng Cầu Táo 90g,772
Rơ lưỡi Mintu,772
Giày bún cổ cao 825 gấu con màu be,771
Bộ ba lỗ Rabi petit,771
Dầu mè Ajinomoto Nhật Bản 70g,772
Sục nhựa EVA chống trượt trắng mèo con,771
Áo thun cổ 3 phân KidsPlaza Otis in sao ND23T (Trắng xanh),771
Nhiệt kế hồng ngoại đo trán OMRON MC-720,765
Kem đánh răng Rocs vị hoa chanh dành cho trẻ (Từ 0 - 3 tuổi),771
Đồ chơi bóp chíp ú òa Sankyo Toys hình thỏ,771
Ba lô cho mẹ KS hình quả cam màu vàng T02,769
Núm ty Moyuum số 4 cho bé trên 8 tháng,771
Túi xách học thêm in hình cho bé,772
Giày lông cừu con màu be HC-1233,771
Sữa tắm Chicco yến mạch 200ml 28441,770
Set body yếm bé trai Bibo’s đen in báo mix áo vàng,771
Áo choàng Bibo’s hồng tai gấu,770
"Dinh dưỡng đóng lọ HiPP giăm bông, mì ống, rau 220g (Trên 8 tháng)",772
Combo 2 hộp sữa Aptamil Profutura KID Cesarbiotik số 3 800g (2Y+),762
Quần kaki KidsPlaza túi hộp HN23D (Be),771
Tủ đựng đồ chơi Inhebaby 3 lớp màu vàng SN019,752
Sữa tươi ít đường Đà Lạt True Milk 4x180ml,772
Bộ sát nách Chong Chóng bé gái hồng tím,771
Sữa uống dinh dưỡng Nutifood GrowPLUS+ Đỏ 4x110ml,772
Giày thể thao HN ô tô S,771
Khăn xô ủ xuất Nhật 6 lớp in hình có mũ (75x75cm),771
Voi bông xù cao cấp Hàn Quốc màu ghi,771
Hello Kitty - Rèn luyện khả năng sáng tạo (Tô màu),772
Yếm tròn Otis KidsPlaza cá trắng ND23H,772
Bình sữa Comotomo hồng 250ml (Tách lẻ),769
Bộ sát nách Bibo's hoa màu hồng,771
Bộ cài vai dài tay Bibo's chim cánh cụt trắng,771
Ba lô Zoy Zoii hình hổ vàng B8,768
Bộ quây bóng nhựa 150x150cm BBWZ10/11,762
Búp bê bông hoa NM19.40-DH2219,771
Bút hình thú dẻo dễ thương 3500,772
Bàn chải đánh răng chữ U silicon màu hồng,772
Áo cộc cài vai Rabi trắng in tràn vàng CM30,772
Váy len dài tay KidsPlaza in hình thỏ HN23D (Be),770
Váy dài tay bé gái in forever love KidsPlaza M22T (Trắng Xanh),771
Mỳ Tokyo Ramen vị gà 120g của Nhật cho bé trên 1 tuổi,772
Đồ chơi điện thoại có nhạc Nimo hồng 19.70.0513,771
Ty ngậm đơn Pigeon Nhật size S cho bé 0M-6M,771
Sữa Bầu Matilia Vị Bích Quy (Lốc 4 Hộp),770
Set 5 đôi tất lưới YSS-11,771
Áo len cổ tim Cool Baby 4174 đen,771
Tất chân họa tiết hoa quả đáng yêu cho bé 0-6M,772
Áo sơ sinh cài giữa tay dài Kiza (Màu Xanh),772
Sữa Enfagrow A+ NeuroPro 4 (830g) cho bé từ 2-6 tuổi,768
Body ba lỗ in cá voi KidsPlaza vàng HN21H,771
Sữa Colosbaby Gold D3K2 1+ 800g (1 - 2 tuổi),768
Quần dài sơ sinh Kiza in hình chuột mickey (Trắng hồng) 18-24M,772
Xe trượt Scooter 3 in 1 đa năng 311,769
Quần sooc bé gái Chong Chóng nơ giữa xanh,771
Bộ quần áo cộc kẻ cài vai KidsPlaza NBA22 (hồng),771
Quần kaki KidsPlaza in gấu HN23D (Rêu),771
Bình sữa DrBrown's cổ thường 60ml,770
Khăn choàng tắm trẻ em Poêmy 73x73cm (Màu ngẫu nhiên),771
Áo gile bé trai Bibo’s T310267 vàng,771
Sách Ehon Bạn là ai vậy: Bạn ở đâu vậy?,772
Bánh cuốn giòn dinh dưỡng 12 loại ngũ cốc vị tự nhiên cho bé 9M+,771
Giày tập đi bé gái rọ đính tim đen LC01,771
Đồ chơi khủng long pin 2 đầu 788-1,771
Kính thời trang gọng dẻo KidsPlaza 8186 C18 D.Blue,771
Cốc chia sữa Philips Avent 180ml 618/10,772
Kính mát thời trang trẻ em gọng tròn,772
Giày tập đi KidsPlaza 22K-S6 hình Penguin (Be),771
Gối chống bẹp đầu Bibo's vàng (45x20x2cm),770
Kem đánh răng Pigeon vị dâu 50g (Trên 18 tháng),771
Xe lắc tê giác Swaying chống lật,769
Bộ sơ sinh cài giữa dài tay Bibo's Petit LV260 hồng,771
Set 2 che thóp KidsPlaza TM21 (Hồng),772
Áo gile len Cool Baby hình ong 1225 màu xanh,771
Bô trẻ em màu đỏ M8942-HB,770
Xe 3 bánh Playkids 4 in 1 kết hợp tay đẩy S02-2 trắng,760
Set 3 tất cổ ngắn hình thú dành cho bé 0-12 tháng,772
Bình sữa Philips Avent mô phỏng tự nhiên SCF039/17 (60ml) cho bé từ 0M+,770
Nước tắm gội thảo dược Ích Nhi 230ml,771
Body sơ sinh cộc tay cài chéo in hươu hồng KidsPlaza HN23H,771
Đồ chơi xe đẩy đà hình cún CY.7756S-19,772
Gia vị rắc cơm Thuyền Xưa vị cá ngừ 19g 1Y,772
Nước rửa bình sữa Aoi hương dâu 300ml,772
Đồ chơi kính vạn hoa LS14,772
Bánh gạo organic Happy Food vị dâu lọ 40g,771
Giày lông HJ-1102 thỏ hồng,771
Set bóng bay trang trí sinh nhật hình thú số 2,771
Hộp chia sữa 3 ngăn 800,772
Bộ thau rổ cao cấp Yoko 23cm Inochi (màu ngẫu nhiên),771
Dinh dưỡng đóng lọ Heinz vị dâu chuối 6570 (110g),772
Bộ quần áo dài tay bé trai KidsPlaza in máy cày M23T (Xanh),771
Bình uống nước Pigeon tay cầm 360 độ màu xanh dương 150ml (Trên 9 tháng),771
Túi đồ chơi 12 con giáp 1412,771
Sữa tươi tiệt trùng Australia's Own tách béo 1L,772
Máy tiệt trùng bình sữa Philips Avent 3 trong 1 284.02,752
Máy bay điều khiển mặt đất 529,770
Nước giặt xả Dr. Spock Organics 3L (Từ sơ sinh),770
Sữa chua uống Yakult cho mọi lứa tuổi,772
Khay ăn dặm 4 ngăn Kidsplaza BT001 (238g),771
Bô vệ sinh tựa trẻ em Hokori 5460 (Màu ngẫu nhiên),771
Xe ô tô chòi chân QQ141,752
Bộ quần áo cộc tay cài giữa O!Baby in thỏ DN23,772
Nắp bồn cầu cho bé không đệm BH-134,771
Bộ 3 lỗ bé gái Lullaby NH134V hồng đậm,771
Dung dịch nước muối biển vệ sinh mũi Fysoline 100ml,771
Xăng đan bé gái màu đen hoa cúc vàng WDL-999,771
Phao bơi đỡ cổ Lionny trong suốt,771
Bộ quần áo dài tay cài lệch KidsPlaza Otis ND24H (Trắng be),771
Romper dài tay bé gái Bibos phối tay hồng,771
Máy tiệt trùng sấy khô hâm sữa điện tử Fatzbaby FB4320SJ,762
Đồ chơi xếp hình gỗ CY.T51D,771
Lược chải tóc công chúa kim tuyến hình ngôi sao,772
Sữa Snow Baby Nhật số 3 900g (Trên 3 tuổi),768
Kem chống nắng Cancer Council Active SPF50+/PA++++ (110ml),769
Đồ chơi hình khủng long CY.HY-768,772
Gối chặn chữ U Bibo's xô muslin chấm bi nâu,771
Sữa Meiji thanh Infant Formula 540g (0 - 12 tháng),769
Tấm lót chống thấm họa tiết cá voi xanh 50 x 70cm,771
Bộ 3 lỗ bé gái Lullaby NH134V hồng cam,771
Mũ tắm chắn nước KidsPlaza BSC005 (Xanh),771
Váy kim tuyến đính nơ màu vàng,770
Núm ty nghiêng Chicco Pisa Natural Feeling (Trên 2 tháng),771
Bột ăn dặm Babba's Baby vị dâu chuối dành cho bé 5M+,771
Sữa nước PediaSure BA 1+ hương Vani 237ml cho bé từ 1-10 tuổi,772
Khăn tắm cho bé KidsPlaza Muslin cầu vòng PG23,771
Men vi sinh BioGaia Protectis dạng viên (Hộp 10 viên),771
Sữa chua hoa quả Hoff vị táo 4x55g,772
Mũ bucket Bibo's kẻ caro to đỏ nâu,771
Mũ vành thắt nơ KidsPlaza 22K-H06 (Hồng),771
Mũ sơ sinh Mamago Twikle Star (Hồng) ND20H,772
Bao chân bé sơ sinh KU2345,772
Sữa chua Bledina vị Lê 6*55g (6M+),771
Yếm len cổ lọ in sao Mamago (Màu ngẫu nhiên),771
Đồ chơi bộ tủ bếp Princess 26212,770
Nước ép rau củ quả hữu cơ Maeil Yummy Yummy tím 100ml (Từ 12 tháng),772
Bộ nỉ lông cừu màu be có mũ,771
Giày tập đi bé gái rọ đính tim hồng LC02,771
Thảm chơi em bé 2 mặt Gluck XPE15-02 cá heo,768
Set 3 tất nam KidsPlaza KN02 DK22 (xanh-xám-đen),771
Áo dài tay Rabi petit hồng,772
Miếng lót thấm sữa Mother-K KM13031 (32 miếng),771
Set 3 đôi tất lưới bé trai in hình cún YS03B,772
Chút chít Ếch xanh 1033,771
Yếm dây sơ sinh Mamago ND20H twikle star (Hồng),772
Quần đùi chip Chong Chóng bé gái gấu Grizzly màu hồng,772
Sữa bột Colosbaby gold 1+ 800g tăng cường hệ miễn dịch (1-2 tuổi),768
Cũi 6 cánh Quickflex 5D,762
Đai xe máy an toàn Tâm An,771
Nắp bồn cầu Rotho Babydesign TOP swedish rose,769
Mũ lưỡi trai bé trai KidsPlaza thêu ngôi sao DN23H (Xanh dương),771
Dinh dưỡng đóng lọ Heinz Custard vị lê nghiền,772
Body dài tay cài lệch KidsPlaza in hình chú gấu M23H (Ghi),771
Bộ đồ bơi bé gái 3 chi tiết đỏ chấm bi,771
Đồ chơi xe ô tô xếp hình CY. HC-129D-1,771
"Trà cốm hoa quả When I Grow Up vị xoài, cam 85g 6M+",772
Set đồ chơi nhà bếp màu hồng CY.3852B,771
Romper đùi Bibo's We Bare Bears in tràn hồng,771
Sữa Similac 5G số 4 900g (cho bé 2-6 tuổi),768
Gối đa năng KidsPlaza Muslin hình cầu vòng PG23,770
Mũ buộc dây cotton tai thỏ dài C2744,771
Ngũ cốc mẹ bầu Anpaso 500g,770
Tranh truyện dân gian Việt Nam - Cái cân thuỷ ngân,772
Giày tập đi da bé trai thú xanh LC08,771
Xe lắc cho bé BX-Q8 màu trắng cam,768
Giỏ xách quai giữa có nắp Inochi Nachi,771
Cọ bình silicone siêu mềm Dr Brown's,771
Body sơ sinh cộc tay cho bé in cua KidsPlaza HN21H (Ghi),771
Sữa tắm gội Bebesolution Hàn Quốc cho bé 330ml (Từ sơ sinh),770
Mũ len cho bé MZ6838,771
Tất trẻ em chống trượt EBK150 CH size 18 - 36M,772
Máy tiệt trùng sấy khô hơi nước 5in1 Kidsplaza Digital K902,763
Núm ty Chuchu Baby cổ nhỏ silicon siêu mềm (Hộp 3 chiếc),771
Sữa Aptamil Profutura Pre 800g của Đức cho trẻ từ 0-6 tháng (Hàng Air),766
Set 2 đôi tất chân kẻ viền cổ vừa cho bé 0-6M,772
Xăng đan tập đi bé gái rọ đính hoa trắng LC12,771
Set hài và băng đô công chúa điệu đà cho bé,772
Bánh dinh dưỡng DHA Ginbis 63g,772
Đồ chơi siêu nhân anh hùng Avenger IM.LK4005,771
Bộ cộc tay Little Love tăm viền trắng ghi,771
Mì ăn dặm cải bó xôi Organic Anpaso 120g,772
Xe tập đi đa chế độ chống lật có đèn nhạc màu be,767
Xe ô tô chòi chân 2 chức năng 321C,767
Bánh dinh dưỡng 12 loại ngũ cốc 180g vị trứng cho bé 9M+,771
Yếm tròn bé gái Otis Crab KidsPlaza ND22T,772
Xe đẩy 2 chiều Seebaby T11 Plus,761
Set 2 mũ chóp sơ sinh cotton KidsPlaza BA21 (Vàng),772
Bộ thun dài tay Bibo's màu ghi,771
Bộ quần áo dài tay KidsPlaza thêu dập gấu TT23T (Trắng hồng),771
Bộ quần áo bé trai dài tay KidsPlaza in khủng long lướt ván HN22D (Xanh),770
Áo sơ sinh Kiza cộc in hình cá heo (Trắng xanh) 9-12M,772
Bỉm - Tã dán Bobby size S 54 miếng (cho bé 4 - 8kg),771
Máy hút sữa điện đôi Gluck GP38 (giao mẫu ngẫu nhiên),757
Bộ quần áo cài chéo dài tay KidsPlaza in hình gấu M21T (Trắng Vàng),771
Móc dù chữ nhật Duy Tân,771
Gối đầu họa tiết gấu thêu S04,771
Mì Somen rau củ,771
Sữa bầu Enfamama A+ Vanilla 400g,770
Áo len dài tay bé trai KidsPlaza in gấu HN23D (Vàng),770
Bỉm - Tã dán Goldgi+ size S 84 miếng cho bé (4-8kg),769
Set 2 che thóp KidsPlaza BA21 (Xanh dương),772
Băng đô trẻ em Bibo's ngôi sao JF0191,772
Bộ quần áo bé trai cài vai in Tiger KidsPlaza M22T (Xanh),771
Bộ quần áo bé trai KidsPlaza sơ mi kẻ quần 2 dây M23H (Đỏ nâu),771
Đồ bơi bé trai cộc liền thân kèm mũ Iron Man,771
Bộ pijama cộc tay Chong Chóng vải thô cừu hồng,771
Sữa ColosBaby IQ Gold 2+ 800g (trên 2 tuổi),768
Dụng cụ hút mũi Pigeon có vòi hút 60004,771
Set 2 bàn chải đánh răng trẻ em Oral-Clean Crazy Kids Soft,772
Nồi vân đá Omi Simple Inochi 18cm (Màu ngẫu nhiên),768
Đồ chơi xếp hình thông minh LA2716-02-3-4-5-6-7-10,771
Bộ chế biến ăn dặm AC,771
Sữa tươi ít đường Đà Lạt True Milk 4x180ml,772
Váy cộc tay Chong Chóng slub hồng,771
Set 5 móc treo quần áo hình thỏ,772
"Cháo tươi Sài Gòn Food Baby vị bò, đậu hà lan, cà rốt 240g (Trên 10 tháng)",772
Mũ in Ilove Mama QQ,772
Sữa Nan Supreme Pro số 1 5-HMO 400g New (0 - 6 tháng),770
Máy hâm sữa tiệt trùng Fatzbaby dòng điện tử Duo 3 FB3093VN,768
Sữa nước Abbott Grow Gold hương vani (4x110ml) cho bé từ 1 tuổi trở lên,772
Bánh gạo dạng que Farm vị việt quất 6m+ 20g,771
Rong vụn ăn liền cho bé vị cá cơm Bebest 12M+,771
Đồ chơi xe đà hình kem lái ô tô,771
Gối chặn chữ U Bibo's thô kẻ caro nâu đậm,771
Sữa Meiji Growing Up Formula EZcube 448g (1 - 3 tuổi),770
Hộp đựng thực phẩm tròn Hokkaido 500ml,772
Xe tập đi tròn Mamago Walker màu xanh có nhạc và bàn ăn,765
Body tam giác Bibo's xanh dương,771
Phô mai sấy lạnh YOMIT vị táo dành cho bé 6m+,771
Set đồ chơi trạm xăng di động CY.JW567-120,771
Nước rửa bình Kose Nhật Bản chiết xuất thiên nhiên 300ml,771
Tất bốt đính nơ cho bé,772
Mũ lưỡi trai phủ voan in hình bánh mì KidsPlaza DN24H (Màu kem),771
Giày tập đi KidsPlaza 23K-S2 in hình búp bê (Hồng Đào),771
Túi treo xe đẩy rút dây họa tiết gấu màu đen S17,770
Mũ len bé trai KidsPlaza họa tiết sọc chéo ND23D (Xanh Trám),771
Gối sơ sinh lõm TW1117 hình gấu,771
Bộ quần áo cộc tay cài vai KidsPlaza in lừa M24H (Trắng kẻ be),771
Bột nêm ăn dặm Anpaso vị rong biển 60g,772
Địu 3 trong 1 trợ lực thoáng khí Comfybaby YN-602,768
Body bé trai có mũ họa tiết voi KidsPlaza HN22D,770
Chăn ủ sơ sinh xốp bông tai thỏ AC22 (Màu ngẫu nhiên),771
Combo 3 hộp sữa Aptamil Profutura KID Cesarbiotik số 3 800g (2Y+),758
Sữa Enfagrow A+ 3 360 Brain DHA+ và MFGM Pro 900g (1 - 3 tuổi),768
Quạt cầm tay sạc pin các loại,771
Romper bé trai Bibo's ngựa xanh tặng yếm,771
Bộ cộc tay Rabi hồng nhạt in gấu trắng,771
Áo tay ngắn bé trai in hình máy bay Kiza,771
Chiếu cói trẻ em hình thú,771
Xe tập đi cho bé 315,770
Áo ngực cho con bú ren RACN002,771
Tăm bông trẻ em Hana cao cấp (200 cây),772
Set yếm bé gái KidsPlaza in mèo HN22T (Hồng cam),771
Yến sào Khánh Hòa KIDS vị vani cho bé,771
Bột Dashi Pigeon vị cá bào rong biển 50g (Trên 5 tháng),771
Kệ chữ A Nimo 19.70.0601,769
Đồ chơi cót hình cá vàng 678,772
Bột ăn dặm hoa quả Oshito 4x50g,771
Bờm vương miện đính đá cho bé 70301,772
Yến sào Thiên Triều cao cấp có đường hũ 70ml,772
Váy bé gái Bibo's trắng tutu hồng,771
Kẹp tóc hình trái tim lấp lánh HD7200A03,772
Nệm bé nằm hình gấu S10,766
Bỉm - Tã quần Moony bé trai cộng miếng size XL 38 + 6 (12 - 22kg),770
Bô vệ sinh cai bỉm cho bé hình trứng 262,771
Chăn bông KidsPlaza in khủng long to 23K-B3,770
Bột nêm Enzy baby gói 60g,772
Bánh gạo lứt Lusol hình que vị phô mai 25g,772
Bộ quần áo dài tay bé gái KidsPlaza in nổi họa tiết ô tô TT23T (Cam),771
Bỉm - Tã quần Pun size XXL - 24 miếng (Trên 15kg),771
Bộ quần áo cộc tay cài vai KidsPlaza Otis in hình ND24H (Hồng),771
Đồ chơi búp bê chậu tắm 1412,771
Nước rửa bình sữa và rau quả D-nee 500ml,771
Đồ chơi bánh răng ô tô thể thao CY.22136,771
Bánh que Glico Pocky vị Double Chocolate hộp 39g,772
Quần dài bé trai Bibo's RCT 31634 xanh than đáp gối,771
Bỉm - Tã quần Moony man size L44 bé gái (9 - 14kg),770
Máy hút sữa điện đôi Unimom Forte UM880113,753
Body dài tay cài lệch KidsPlaza Otis ND24H (Xanh kẻ ngang),771
Gối chống trào KidsPlaza Muslin họa tiết con thỏ PG23,769
Muối khoáng ngâm chân Crevil 600g,770
Set bàn chải và rơ lưỡi silicone Moyuum,771
Áo cộc Kiza in hình chú hươu cao cổ (Trắng vàng) 0-3M,772
Đồ chơi xúc xắc túi 5pcs CY.776-3,771
Chăn ủ cho bé KidsPlaza Otis ND23T (Trắng be),771
Mũ vành tròn phủ voan Kidsplaza thêu hoa DN23 (Xanh),771
Xe tập đi Mastela W2002 có đồ chơi (Trắng Đen),767
Sữa Nan Optipro HMO số 4 1.6kg cho trẻ 2-6 tuổi,767
Bóng lưới Nimo 15cm xanh trời NM19.03-20,772
Bình sữa Moyuum PPSU Red Love 170ml,769
Bánh gạo hữu cơ Farm to family vị dâu hộp 50g (6M+),771
Kĩ năng thích nghi (8 cuốn),771
Giày tập đi bé trai xanh nơ đen LC23,771
Bỉm - Tã quần Moony Natural size XL 32 miếng (12 - 22kg),770
Kính thời trang gọng dẻo KidsPlaza 2023 32030 C16 (Nâu),771
Nước tắm bé yêu TAMBEYEU 250ml,771
Ghế rung bập bênh Mastela có nhạc 6903H,766
Sữa Enfamil A+ Neuropro HMO vị thanh mát số 1 830g (0 - 6 tháng tuổi),768
"Gối lõm sơ sinh Kiza (Umi, BonBon, ZinZin) (Màu ngẫu nhiên)",772
Set body bẹn dài tay KidsPlaza Otis ND23T (Trắng xanh),771
Bộ quần áo cộc tay bé trai KidsPlaza in ô tô M24H (Vàng ghi),771
Bàn chải đánh răng Pigeon bước 3 (Màu ngẫu nhiên),772
Bộ quần áo ba lỗ bé trai KidsPlaza kẻ in Baloon M23H (Trắng),771
Bộ quần áo cộc tay bé gái Kids Plaza in Melon TT23H (Tím),771
Ty ngậm silicone Moyuum kèm hộp Stage 1 (Hồng),770
Bộ pijama cộc tay bé gái Bibo's LV260 màu hồng,771
Set 3 bình trữ sữa Tritan 125ml KidsPlaza KP03,771
Quạt sạc mini cầm tay Hello Kitty 88112,771
Quần dài sơ sinh Kiza in sư tử (Trắng Cam) 9-12M,772
Bột ăn dặm heo rau củ Oshito 4x50g,771
Yến sào Bestnest KID giỏ xách 6*70ml (Hàng khuyến mại không bán),770
Mũ vành Bibo's họa tiết kẻ ziczac,771
Xe chòi chân hươu gật gù có nhạc LQ618,768
Tranh truyện dân gian Việt Nam - Nàng tiên hổ,772
Sục nhựa AP trái cây,771
Bỉm - Tã dán Huggies size XL - 62 miếng (Cho trẻ 12 - 17kg),770
Quần sooc bé trai Chong Chóng ghi,771
Sữa Nan Organic số 3 900g (2 - 6 Tuổi),768
Khẩu trang trẻ em 3D Dr. Mask (Túi 1 chiếc),772
Bộ quần áo cộc tay bé trai KidsPlaza in khủng long M24H (Be),771
Túi trữ sữa Unimom Compact UM870169 (Hộp 30 túi),771
Vui chơi thông minh - Giải mã cùng công chúa,772
Ủ kén KidsPlaza kẻ tăm ND23T (Be),771
Bình sữa Nip thuỷ tinh cổ nhỏ 125ml 35069 (0 - 6 tháng),771
Dinh dưỡng đóng lọ Heinz Custard trứng sữa 7204 DDDL,772
Máy tiệt trùng sấy khô và hâm sữa Fatzbaby Captain FB4320SJ,762
Dép sandal tập đi KidsPlaza in họa tiết ngựa vằn 23K-S2 (Ghi),771
Tông đơ cắt tóc cho bé Mamago Magic 0700,769
Quạt sạc mini kẹp bàn 360 độ trái cây KD160,771
Bình sữa UBMOM PPSU Strawberry / Banana / Choco 280ml,770
Bộ quần áo dài tay KidsPlaza thêu dập gấu TT23T (Vàng),771
Áo sơ sinh cài giữa dài tay Bibo's We Bare Bears màu xanh,772
Body bé trai cài vai KidsPlaza in Shark Area M23T 9-12M,770
Những câu chuyện đẹp nhất tặng bé - Bao nhiêu giấc ngủ nữa?,772
Dung dịch vệ sinh phụ nữ Lactacyd 150ml,772
Bánh ăn dặm Pigeon vị rong biển 13366 (Trên 6 tháng),771
Bộ bổ trụ cộc tay bé trai Bibos - vàng,771
Gối chống trào ngược Bibo's xô muslin chấm bi be,769
Túi trữ sữa Sunmum 50pcs (mẫu mới),771
Gối cao su sơ sinh Mamago Tiny,770
BioAmicus Omega-3 DHA+ EPA 30ml,769
Mũ lưỡi trai viền ren đính nơ quả bông lưới,771
Sữa non Elife 2 Probiotic 12 gói x 18g (Trên 6 tháng),770
Phô mai hữu cơ tách muối vị tự nhiên 6M+,771
Giày tập đi da bé trai thú đen LC06,771
Bấm móng tay Mother-K KM13139 (Trên 9 tháng),771
Dầu ăn dặm Pro-Sachi Omega 3.6.9 100ml,771
Bao chân chun sơ sinh Bibo's bé gái C30 in tràn hồng,772
Đồ chơi gỗ ToP BRIGHT ghép hình xe cảnh sát NM19.33-130908,771
Sữa Frisolac Gold số 2 380g cho bé từ 6-12 tháng,770
Ty ngậm Chicco silicon 0M+ (Trắng),771
Nước thạch Jelly Gumi Gumi Vitamin C vị vải 150g,772
Bộ sơ sinh cộc tay cài lệch Bibo's 1850 vàng,771
Bộ sơ sinh cộc tay cài lệch Bibo's 1850 ghi,771
Sữa tắm gội sơ sinh Pureen Pro-vitamin B5 & E 250ml,771
Khăn mặt khô cotton Silkwipes 220g,772
Bộ quần áo bé trai cộc tay kẻ in voi KidsPlaza M23H (Trắng),771
Sữa Vinamilk Yoko Gold 1 350g cho bé 0-1Y,770
Bộ quần áo sơ sinh cộc tay KidsPlaza in hình NBA22 (Hồng),771
Bỉm - Tã dán Molfix thiên nhiên size S 80 + 4 miếng (4 - 8kg) (giao bao bì ngẫu nhiên),770
Bánh que Glico Pocky vị Double Chocolate hộp 39g,772
Giày tập đi Yes No A03,771
Váy tutu công chúa đính hoa cho bé dự tiệc,770
Sữa Aptamil Đức số 2 800g (6 - 12 tháng),768
Áo sơ sinh tay ngắn Kiza N17 (màu hồng),772
Xe lắc hình con kỳ lân 688 màu vàng,768
Dép sandal tập đi KidsPlaza 22K-S4 hình voi (Xanh),771
Bộ bơi liền thân bé gái kẻ đỏ KT201901,771
Xe đẩy gấp gọn VoVo,760
Sữa Meiji số 9 nội địa Nhật 800g (1 - 3 tuổi),769
Gối đầu họa tiết lá và quả thêu S06,771
Quần dài sơ sinh Kiza in hình thỏ 0-3M (Trắng Hồng),772
Váy Bibo's kim tuyến trắng ren ngực,771
Sữa bầu Matilia 200ml vị vani (Lốc 4 hộp),770
Tiếng gì thế nhỉ? - Nụ hôn trên má,772
Sữa Kid Essentials hương vani Thụy Sĩ 800g (1 - 10 tuổi),768
Chăn ủ bé trai KidsPlaza có mũ kẻ ND22D (Xanh dương),771
Nước ép thạch Andros Fruit Me Up vị dưa hấu 90g,772
Mũ chụp sơ sinh Bibo's LV260,772
Gia vị rắc cơm Enzy vị hải sản gói 30g,772
Sữa Nan Supreme Pro số 3 5-HMO 800g New (2 - 6 tuổi),768
Dầu gội óng mượt Johnson Baby Hồng (200ml),771
Bô vệ sinh Rotho Babydesign TOP pearlwhite cream,769
Sữa Nutren Junior Nestle Thụy Sĩ 400g (1 - 10 tuổi),769
My Little Pony - Jumbo tô màu và các trò chơi - Tập 2,772
Áo khoác bé trai Bibos khủng long ghi,771
Cắn răng silicon Basilic hình hoa tuyết,772
Bánh gạo Want Want vị rong biển 170g cho bé 7M+,772
Thực phẩm siro Immuno Bimbi 200ml,769
Body tam giác Bibo's vải xô hồng thêu thỏ,771
Bình sữa thủy tinh Philips Avent cổ rộng 240ml 673/13,769
Nắp bồn cầu Rotho Babydesign Style! Emmy,768
Tã dán Huggies Platinum siêu cao cấp NB (60 miếng dưới 5kg),770
Sữa tắm Lactacyd baby 250ml,771
Body Bibo's cài lệch thêu hình thú nhỏ ngộ nghĩnh,771
Mũ len quả bông bé gái KidsPlaza ND23D (Hồng nhạt),771
Nước hoa hương tự nhiên Chicco,771
Khăn ướt Bobby 100 miếng (nắp mở),772
Chăn ủ có mũ KidsPlaza in Fresh air ND23H (Trắng),771
Nước tắm gội thảo dược Dr Papie 230ml,771
Bút sáp vặn Thiên Long 12 màu 50004912,771
Băng đô nơ 0024,772
Bánh dinh dưỡng Peitien 12 loại ngũ cốc vị phomai,771
Bộ quần áo dài tay bé gái KidsPlaza in gấu M23T (Cam xám),771
Gia vị rắc cơm Thuyền Xưa Ăn Dặm Cho Con - Vị Rong Biển Mè (Gói 19g),772
Máy đa năng điện tử FatzBaby Multimax 2 FB9013SL,761
Những câu chuyện truyền cảm hứng - Con sẽ đạt điểm tối đa,772
Nước tắm gội thảo dược Yaocare Baby 250ml,771
Khăn khô đa năng Clean túi zip 500g,771
Set 2 đôi tất trẻ em EK61 LOC2 size 18 - 36M,771
Địu em bé Kuku 4 trong 1 KU2184,763
Sữa Snow Baby Nhật số 9 830g (9 - 36 tháng),768
Bình tập uống nước cho bé Kids&Mama 270ml (Màu ngẫu nhiên),771
Câu thú biển thông minh Winwin Toys 61362,771
Bình sữa Pigeon PPSU Plus WN3 Nhật Bản in hình 160ml,769
Bộ bé trai KidsPlaza in High Score HN23H (Trắng Cam),771
Robot nhảy múa có nhạc và đèn CY.6678-1,771
Mũ sơ sinh dày thêu hình gấu KidsPlaza HN20D (6-12M),772
Gặm nướu Infantino hình vòng tròn màu đỏ,771
"Set mũ, bao tay chân sơ sinh cho bé",772
Máy tiệt trùng bình sữa Philips Avent 3 trong 1 SCF291.00,756
Sách chuyển động vui vẻ Những nhà thám hiểm nhỏ,771
Bỉm - Tã quần Molfix thiên nhiên size L 52 miếng (9 - 13kg) (giao bao bì ngẫu nhiên),770
Bộ quần áo dài tay cài vai Kiza in máy xúc BA23T (Xanh),772
Sữa chua uống men sống Yakult,772
Tã dán người lớn Caryn L3,772
Gối chống trào ngược trẻ em Mochee trái tim 70 x 70cm,769
Gối cao su non TW1105 thỏ con,770
Snack rong biển Tao Kae Noi Super Crisp vị kim chi 24g,772
Ủ ấm bình sữa đơn Kuku 5449,771
Đồ chơi máy bay điều khiển 1102,771
Máy hút sữa cảm ứng điện đơn KidsPlaza Obi,763
Quần sơ sinh cộc Kiza in hình chú thỏ (Trắng hồng) 3-6M,772
Thau tắm trẻ em Notoro Plus (Màu ngẫu nhiên),771
Bỉm - Tã dán Bobby size L - 68 miếng (9 - 14kg) (Giao bao bì ngẫu nhiên),770
Màn chụp gấp gọn Rabi họa tiết nhí màu xanh,770
Giải pháp tắm cao cấp Rotho Babydesign TOPXTRA babyblue pearl,733
Hộp bút vải hình gấu nâu màu xanh lục H15,772
Máy hút sữa điện đôi FatzBaby Chorus 2 FB1182MX,766
Xe kéo đi chợ gập gọn AL-002,767
Đồ chơi bóp chíp Sankyo Toys chú vịt ngộ nghĩnh,771
Sục nhựa EVA chống trượt hổ vàng,771
Kính khung kim loại đính nơ kèm hộp đỏ SR11,771
Đồ chơi chú vịt thăng bằng ABC,771
Mũ thời trang KidsPlaza thêu hoa 23K-H17 (Xanh),771
Bộ thun dài tay Rabi len tăm bé trai in gấu,771
Xúc xắc đầu tiên của bé ABC,772
Bộ quần áo cộc tay cài giữa KidsPlaza Otis in hình ND24H (Trắng),771
Dụng cụ uống thuốc Basilic D028,771
Yếm tròn Otis bé trai in gấu KidsPlaza ND22T,772
Yếm xù Carter's 4266 BW,772
Nước giặt xả Dr Spock 3000ml,770
Sữa Colosbaby Gold D3K2 2+ 800g (Trên 2 tuổi),768
Quần dài sơ sinh Kiza in hình chuột mickey (Trắng hồng) 12-18M,772
Bộ quần áo cộc tay bé trai KidsPlaza in hình chú cua HN23H (Xanh trắng),771
Body bé trai bông có mũ họa tiết voi HN22D (Xanh rêu),770
"Trà cốm hoa quả When I Grow Up vị lê, táo 85g 6M+",772
Đồ chơi đàn con hươu NM.279403,770
Giày tập đi trái tim,771
Đồ chơi xe ô tô hình thú cưng CY.HC-213,771
Quần cộc Kiza in sư tử (Trắng Cam) 18-24M,772
Khăn ướt Bebesup Signature có nắp 70 tờ,771
Bộ cộc bé gái Bibo's thêu bướm hồng,771
Dinh dưỡng đóng lọ Lê William HiPP 4262 125g,772
Giấy vệ sinh 9 cuộn 3 lớp KidsPlaza,771
Mũ bo vành hình gấu con,771
Ô mai Hồng Lam mơ cam thảo 200g,772
Bộ quần áo dài tay bé trai KidsPlaza in gấu TT23T (Xanh),770
Hộp đựng bút hình con mèo XS03,772
Nắp bồn cầu Farlin BF 904,771
Siro ăn ngon Ích Nhi Plus 10ml (Dạng ống),771
Bình sữa Comotomo xanh 150ml (Tách lẻ),769
Sữa bột Colosbaby BIO Gold 0+ 800g cho bé từ 0-1 tuổi,768
Bánh que Glico Pocky cookies & cream hộp 40g,772
Dầu mè Ajinomoto Nhật Bản 70g,772
Máy hút sữa điện đơn Gluck GP31 Plus,764
Đồ chơi vali khủng long 1412,772
Yếm tròn KidsPlaza Muslin gấu PG23,772
Áo lót có đệm khuy bấm 677 AC22 (Hồng cam),772
Sữa Snow Baby Nhật số 0 820g (0 - 12 tháng),768
Kem dưỡng ẩm Bebble Facial Cream 50ml,770
Romper Bibos phối bèo cổ nơ ngực Cherry Cherry,771
Mì ăn dặm bí đỏ nguyên chất Anpaso 120g,772
Body cộc tay bé trai Bibo's đỏ phối gile,771
Bàn chải đánh răng cho bé DrBrown's hình hươu cao cổ (0 - 3 tuổi),771
Bỉm - Tã dán Moony size L 58 thêm miếng,770
Đồ chơi máy bay NM19.76-OTB0560755,770
Ba lô phi hành gia vũ trụ 6141 xanh dương,770
Bộ quần áo dài tay cài lệch KidsPlaza Otis ND24H (Trắng vàng),771
Set kính mát chống UV kèm băng đô,772
Núm ty Pigeon Plus thế hệ III siêu mềm (2 cái/vỉ),770
Mũ trẻ em quạt năng lượng mặt trời mèo XTH02,771
Áo len cài vai bé gái KidsPlaza ND23D (Hồng),771
Đồ chơi nhà bếp Nimo NM19.31.24.889.175,769
Núm ty Pigeon Plus thế hệ III siêu mềm phiên bản Nhật (2 cái/hộp),770
Cháo tươi tôm rau ngót Cây Thị cho bé 7M+ (240g),772
Nước rửa bình sữa Dnee 600/550ml,771
Body dài tay bé gái Bibo's trắng phối áo khoác,771
Bột ăn dặm Ridielac Gold gạo trái cây 200g cho bé 6M-24M,772
Thìa ăn cho bé KidsPlaza Dinosaur S001,772
Bộ cài lệch Lullaby NH108V xanh ngọc,771
Đồ chơi đàn Organ thỏ No.3300,771
Bộ cộc cài vai bé gái Bibo’s hồng cánh tiên,771
Áo len cổ cao Cool Baby 7403 trắng,771
Set 2 tất trẻ em EK45 LOC2 3 - 6Y,771
Bộ bao tay chân cotton Kidsplaza (0 - 6M),772
Sữa Similac 5G số 2 900g (cho bé 6-12 tháng tuổi),768
Thú bông thỏ WZ-09,771
Mũ thời trang bé trai KidsPlaza lưỡi trai hình khủng long 23K-H06 XB s48,771
Đồ chơi ghép hình Friends,771
Set 3 đôi tất và băng đô gắn nơ công chúa 0-9M,771
Đồ chơi nhà cho thú cưng CY.SL32968,772
Đồ chơi gỗ ToP BRIGHT ghép hình xe ủi NM19.33-130910,771
Bộ sơ sinh cài lệch dài tay Bibo's xanh lá,771
Sữa Similac Total Protection số 4 900g (dành cho bé 2-6 tuổi),768
Máy sưởi đa năng Moaz bébé MB-034,761
"Máy xay ăn dặm cho bé Bear GR-B03V2 0,3 lít",768
Sữa Frisolac Gold Pro số 2 800g cho bé 6M-12M,767
Quần bé trai KidsPlaza túi hộp in MEOW HN23H (Nâu),771
Sữa bột Frisolac Prestige số 1 700g (0-12 tháng),765
Sữa Blackmores JNR Balance 850g dành cho bé từ 1-10 tuổi,767
Kem đánh răng Hàn Quốc 2080 cho bé vị hoa quả giai đoạn 2 (3 - 5 tuổi),772
Xe 3 bánh Tricycles sls-003,767
Mũ vành trẻ em hình mèo QS20,771
Bánh gạo BeanStalk 6 loại rau củ 20g K07Z 6M+,771
Bình sữa Pigeon 240ml nhựa PP tiêu chuẩn (> 3 tháng),772
Gặm nướu Infantino hình cua,771
Mì Hakubaku 100g cho trẻ từ 5 tháng tuổi,772
Bộ quần áo dài tay cài lệch KidsPlaza in mèo M24H (Hồng),771
Vỏ gối chống bẹp đầu Bibo's hình tròn xanh,771
Men vi sinh BioGaia Protectis 5ml,769
Khẩu trang Bibo's gấu Ice Bear xanh coban,772
Màn chụp gấp gọn Rabi hình vịt vàng,770
Bộ thời trang bé trai dài tay KidsPlaza in chữ Boo TT23T (Xanh Be),770
Bình trữ sữa cổ rộng Fatz Baby FB0120 150ml,771
Kệ treo Antona khu vườn của bé 313,770
Men tiêu hóa ILDONG cho bé (90gr),770
Miếng lót thấm sữa V-Coool 100pcs,771
Dầu Olive Ajinomoto Extra Virgin Nhật Bản 70g,771
Ghế ăn dặm NIMO hình quả trứng hồng NM22.11.001,769
Bộ bổ trụ cộc tay Avaler chim xanh,771
Bộ thìa báo nóng Munchkin 43682,771
Mô hình lắp ráp lego 3D gấu dâu mini,772
Bình sữa Basilic PPSU chống sặc D399 240ml,769
Áo phao bơi kết hợp phao tay 2 trong 1,771
Quần sơ sinh bé gái IQ Baby (Hồng phấn),772
Yếm sơ sinh Bibo's kẻ hồng LO5B,772
Váy bé gái Kidslaza cổ bèo in hoa HN23H (Trắng),771
Hộp đựng đũa Yoko (Loại đứng),771
Máy phun sương tạo ẩm mini cầm tay đa năng CL07,770
Sữa Blackmores Toddler số 3 900g (Trên 12 tháng),768
Xe tập đi đầu vịt IW501,768
Bỉm tã dán Megumi size NewBorn 64 miếng (Cho bé ~ 5kg),770
Thảm ghép KidsPlaza Jiong Bear và Sky,770
Sữa nước Monte Drink vị vani 380ml (Lốc 4 hộp x 95ml),772
Áo dài tay Kiza in Cherry BA22,772
Mũ lưỡi trai BH thỏ Mz7627 xanh,771
Đầm bé gái Kids Plaza in Số 91 TT23H (Hồng),771
Set 3 khăn mặt sợi sồi Unobaby 25 x 25cm,772
Sữa tắm gội Pigeon Natural Botanical 200ml,771
Bột ăn dặm Heinz cháo yến mạch 240g cho bé 6M+,771
Hoa quả sấy khô Mom's Cook Hàn Quốc vị Dâu tây,771
Body sơ sinh Bibo's phối voan lấp lánh,771
Dung dịch thảo dược An Bảo trị muỗi đốt (12ml),772
Dầu dừa dưỡng tóc Sense Plus Rootie 50ml,771
Set tất mũ turban Chicbaby nơ quả bông,771
Body sơ sinh cộc tay cài chéo in hươu vàng KidsPlaza HN23H,771
Sữa bầu XO Mom  800gr (Hàn Quốc),768
Đồ chơi gỗ câu cá ToP BRIGHT NM19.33-120372,770
Nước xả vải hữu cơ K-Mom Hàn Quốc màu cam KM13123 dạng túi 1300ml,771
Bỉm - Tã dán Molfix thiên nhiên size L 68 + 6 miếng (9 - 13kg) (giao bao bì ngẫu nhiên),770
Áo cộc tay bé gái Bibo's ghi in nơ,771
Sữa tắm Arau Baby túi 400ml New,771
Bỉm - Tã quần Bobby size XL - 62 miếng (12 - 17kg) (giao bao bì ngẫu nhiên),770
Bộ quần áo bông cài chéo KidsPlaza HN23D (Xanh),770
Giày tập đi buộc dây Mamago 1180,771
Áo lót khuy bấm ren cho con bú 368 AC23 (Hồng đậm),771
Khẩu trang y tế 3 lớp Dr Mask (10c/hộp) 17.6x19.5cm,772
Nước ép rau củ quả hữu cơ Maeil Yummy Yummy xanh 100ml (Từ 12 tháng),772
Khay đá thanh Kari 21 viên Inochi (Màu ngẫu nhiên),772
Ca tắm gội vòi sen cho bé hình thú,771
Yếm sơ sinh buộc dây Otis KidsPlaza ND22H ( trắng hồng),772
Set 3 tấm lót chống thấm VIETMAT 30*30 (màu Xanh),771
Bộ thun Chong Chóng boóc đô in công chúa,771
Bộ bàn chải Richell 3 bước T.L.I RC20115,770
Áo cài vai cộc tay bé trai Bibos C30 trắng,771
Set 50 quả bóng nhựa Aole cho bé N12,771
Áo sơ mi dài tay bé gái Chong Chóng trắng,771
Gương trang điểm thỏ nâu hình tròn hai mặt gấp gọn,772
Bô cho bé Song Long có nắp đậy,771
Bỉm - Tã dán Moony Natural size L 38 miếng,770
Bộ cộc cài lệch KidsPlaza Otis ND24H (Trắng xanh),771
Bộ bổ trụ sát nách Bibo's HY trắng mix vàng cam,771
Váy bé gái tutu in trái tim KidsPlaza AT22T,771
Bộ quần áo bông cài chéo KidsPlaza HN23D (Hồng),770
Kem đánh răng Lion Nhật Bản hương dâu tây 40g (Trên 18 tháng),772
Bóng bay khủng long dễ thương AM01,772
Khay nhựa đựng đồ Việt Nhật A4,772
Romper bé gái Bibo’s lụa modal hồng mix turban,770
Tắm gội hướng dương 700ml Pigeon New,770
Sữa đêm Fruto vị gạo sữa 200ml (Trên 6 tháng),772
Set 5 khăn sữa màu xanh dương cho bé,771
Hello Kitty - Rèn luyện khả năng nhận biết (Tô màu),772
Đai nịt bụng hương quế thảo dược KidsPlaza HQ21,770
Tất sơ sinh Kiza 2018bss-546 set 3 đôi (6-24M),772
Dung dịch vệ sinh phụ nữ Hàn Quốc ChiuuB 300ml (Ngày thường),770
Quần cộc Kiza in sư tử (Trắng Cam) 6-9M,772
Set 3 tất bé gái kẻ hoạ tiết hoa ong KidsPlaza DK22,772
Bộ quần áo dài tay da cá bé gái KidsPlaza cổ bèo TT23T (Tím),771
Giá úp bình sữa di động BS-8815,770
Giá úp bình sữa có nắp đậy BSK103,771
Xăng đan tập đi tai thỏ 1514,771
Kính thời trang gọng dẻo KidsPlaza 2023 22103 C3 vàng,771
Sữa bầu Morinaga vị trà sữa (216g),770
Bộ phụ kiện bình sữa Kidsme cổ rộng màu xanh biển 160241,771
Sữa HiPP Combiotic Organic HMP & GOS số 1 350g (0 - 6 tháng),770
Áo len cài giữa bé gái KidsPlaza ND23D (Hồng Be),771
Nước hoa hương tự nhiên Chicco 0M+ 28021,769
Mũ len lưỡi trai hình gấu con,771
Sữa Hismart số 4 800g (Trên 2 tuổi),768
Body sơ mi dài tay Bibo's kẻ caro xanh da trời,771
Bộ sát nách Bibo’s hoa màu xanh dương 12M,771
"Bộ cài vai cộc tay bé trai Bibos hình ""Lovely Fruit""",771
Cọ bình Mammy shop lông tự nhiên,771
Băng vệ sinh ban đêm Diana Sensi dạng quần size M - L (gói 5 chiếc),771
Bảng gỗ xếp hình A-3023,771
Giày tập đi in hình gấu Pooh Mamago MM11,771
Nước rửa bình sữa và rau quả Combi từ dầu cọ 300ml,770
Gối xô thông hơi in hình gấu KidsPlaza AC21,771
Bộ quần áo cộc tay sơ sinh Kiza in dâu BA23H (Hồng),772
Bộ quần áo dài tay cài giữa KidsPlaza in lừa M24H (Trắng kẻ xanh),771
Áo cộc Kiza in sư tử Trắng cam 12-18M,772
Kem đánh răng Rocs vị barberry dành cho trẻ (Từ 3 - 7 tuổi),771
Khẩu trang Bibo’s gấu Grizzly màu vàng,772
Bờm trẻ em chuột Mickey SR20,772
Mũ sơ sinh KidsPlaza fresh air ND23H (Be),772
Hộp bút vải hình tàu vũ trụ H06,772
Máy hút sữa điện đơn Medela Swing,743
Bộ 3 bình chứa sữa Medela 150ml,769
Bỉm Merries nội địa dán size S (70+6 miếng),770
Bỉm - Tã quần Huggies size XL 60 (12 - 17kg) (giao bao bì ngẫu nhiên),770
Bánh mì nướng Fresh Garden sốt pizza 52g,772
Mũ thời trang KidsPlaza đính nơ 23K-H09 s50 (Be sữa),771
Bình sữa Pigeon PPSU Plus WN3 Nhật Bản in hình 240ml,769
Bộ quần áo cộc tay bé trai KidsPlaza in voi M23H (Trắng),771
Đồ chơi mô hình thỏ bông biết nhảy biết kêu,771
Viên ngậm Vitamin C Healthy Care 500 viên,769
Bàn chải đánh răng Jack N' Jill hình thỏ,771
Nồi nấu chậm Moaz bébé MB-060 1L,768
Dầu tràm WonMom 15ml,771
Áo sơ sinh tay ngắn IQ BaBy (Trắng xanh),772
Mũ lưỡi trai bé trai hình cún xanh TZ03,771
Set 3 tất cho mẹ KidsPlaza in quả DK23D (Hồng be),772
Bình sữa Avent PPSU mô phỏng tự nhiên 125ml SCF581/10,768
"Bánh quy ăn dặm Pigeon vị bí ngô, hạt dẻ cho bé 9M+",772
Đai đi xe máy Bibo's ba lô,771
Body dài tay cài lệch KidsPlaza Otis in sao ND23T (Trắng xanh),771
Áo sơ sinh dài tay Kiza in hình gà con (Trắng vàng) 12-18M,772
Sục nhựa Mario hồng HR-2029,771
Khay trữ thức ăn Skater 8 ngăn 30ml,771
Hộp quà 4 chi tiết body xô bé trai Bibo's thêu cún,769
Body len dài tay bé trai KidsPlaza mắt cáo HN23D (Xanh),770
Quần dài sơ sinh Kiza in sư tử (Trắng Cam) 6-9M,772
Bộ sát nách Rabi rip xanh,771
Set 3 đôi tất bé gái KidsPlaza hoạ tiết in Gấu DK21,772
Thú bông cún con màu trắng đáng yêu cho bé,771
Bỉm - Tã quần Goldgi+ X5 size XXL 32 miếng (Trên 15kg),770
Sữa Enfamil A+ Neuropro HMO số 1 vị thanh mát 400g (0 - 6 tháng tuổi),770
Bộ quần áo bé trai dài tay kẻ cài lệch Otis KidsPlaza ND21T (Trắng Vàng),771
Đồ chơi tạo bong bóng hình cá sấu,771
Khăn ủ xô có mũ KidsPlaza TM 4 lớp,771
Yêm ăn in hình 3D EL-2002 (Màu ngẫu nhiên),771
Sữa dinh dưỡng pha sẵn Abbott Grow Gold vani 110ml (Lốc 4 hộp),772
Máy hâm sữa đa năng 3 in 1 Moaz bébé MB039,769
Bộ vest bé trai Chong Chóng Black Gillet,769
Ba lô hình cún màu đỏ BB02,771
Bỉm - Tã quần Huggies XXL54 (cho bé 15-25kg),770
Bộ quần áo len Cool Baby 2157 gấu xanh,770
Cốc uống nước Konbini có nắp 200ml (Màu ngẫu nhiên),772
Đồ chơi trống phát nhạc thông minh Huile Toys 6107,766
Bộ sát nách Bibo’s hoa màu nâu,771
Màn chụp Thái Lan Size M,770
Bình sữa Moyuum PPSU Yellow Love 170ml,769
Quần dài sơ sinh cho bé gái Kidsplaza in hình heo con TH 18-24M,772
Khăn đa năng bamboo set 3 Mamaru,769
Ca tắm gội cho bé M084-FT,771
Bộ thìa dĩa cho bé tập ăn AC (Màu ngẫu nhiên),772
Bộ quần áo cộc tay bé trai KidsPlaza in cua biển M24H (Xanh),771
Sữa Enfagrow A+ 3 360 Brain DHA+ và MFGM Pro hương vani 870g (1 - 3 tuổi),768
Mũ vành KidsPlaza 22K-H10 khủng long (Cam),771
"Mẹ tập thói quen hay, con trưởng thành hạnh phúc",772
Mũ vành tròn bé gái KidsPlaza thêu cá ngựa DN22H (Xanh),771
Bộ thun dài tay Chong Chóng We Bare Bears màu hồng đất,771
Tớ là xe tải,772
Nhiệt kế hồng ngoại đo trán và đo tai ETOO3,769
Gối đầu hình vương miện TW1061,771
Áo hai dây bé gái Chong Chóng cườm lật hoa hồng,771
Áo bé trai KidsPlaza áo sơ mi in thú HN23H (Vàng),771
Áo cài vai dài tay bé trai Bibo's LV260 trắng,771
Kính mát thời trang chống tia UV viền hoa,772
Body váy bé gái Bibo's trắng tutu hồng,771
Váy thời trang bé gái Mamago ren cổ bèo M19T (Xanh),771
Dép lông bé trai gấu xanh BF-2218,771
Dầu Gội Tsubaki Kumano Tinh Dầu Hoa Trà 600ml,771
Bỉm - Tã quần Goldgi+ size L 48 miếng (9-14kg),769
Máy hút sữa điện đơn Philips Avent SCF332/01,743
Nước uống Pororo hương vị sữa chai 235ml,772
Quần dài sơ sinh Kiza in hình chuột mickey (Trắng hồng) 9-12M,772
Áo cộc Kiza in hình chú hươu cao cổ (Trắng vàng) 6-9M,772
"Máy đa năng điện tử tiệt trùng, hâm sữa, nấu cháo, đun nước Multimax 2 Plus FatzBaby FB9025SL",759
Bánh cuộn canxi rau củ Bebest 8M+,771
Gối lõm sơ sinh KidsPlaza Muslin hình gấu PG23,771
Giày thời trang thể thao converse bé trai Mamago 009,770
Nước tương tách muối nguyên chất Toppoil 60ml,772
Áo len bé trai cài vai KidsPlaza ND22D (Xanh),771
Bình sữa Pigeon Softouch PPSU Plus WN3 Nhật Bản 160ml,769
Bộ cộc tay Rabi vàng cam in gấu nâu,771
Tranh truyện dân gian Việt Nam - Sự tích con dã tràng,772
Đồ chơi đàn nhạc hình chú trâu CY.6600,771
Sữa Enfamil NeuroPro Infant Formula Mỹ 890g (0 - 12 tháng),766
Nắp bồn cầu Rotho Babydesign TOP lavender,769
Quần soóc jean bé gái Chong Chóng thêu sao,771
Bộ quần áo cộc tay cài lệch KidsPlaza Otis ND23H (Trắng hồng),771
Cháo tươi Cây Thị vị cá hồi 240g cho bé 7M+,772
Áo cài vai dài tay bé trai Bibo's LV260 vàng,771
Mũ lưỡi trai thời trang KidsPlaza tai thỏ Friend 23K-H14 s50 (Vàng),771
Bộ cắt móng tay cho bé 4 chi tiết monkey 033,771
Bánh kem ốc quế Pororo vị sữa chua 54g,772
Kẹp hâm nóng bình sữa Rovco màu tím,771
Vì sao tớ không nên làm phiền?,772
Súp hải sản Tóc Tiên Cây Thị cho bé 1Y+ (260g),772
Mũ lưỡi trai phủ voan Kidsplaza thêu ếch DN23 (Xanh),771
Giày tập đi KidsPlaza 23K-S2 in hình búp bê (Màu Be),771
Bình trữ sữa Medela 150ml cho bé,771
Đồ chơi chú mèo đội mũ cảm ứng kể chuyện màu cam LT268-499,771
Kính thời trang trẻ em màu đen 800,771
Giày tập đi KidsPlaza thêu sư tử 23K-S5 (Nâu),771
Ủ kén cho bé sơ sinh KidsPlaza Otis ND23T (Xanh),771
Set 3 tất cho mẹ KidsPlaza kẻ DK23D (Xám-ghi-nâu),772
Đồ chơi khủng long ôm bóng 1412,771
Bộ quần áo bé gái KidsPlaza in gấu Sports tim HN22D,770
Body cộc tay ôm sát bẹn KidsPlaza ND24H (Hồng),771
Dép sandal tập đi KidsPlaza 22k-S1 hình cún (Xanh),771
Ô mai Hồng Lam sấu bao tử 200g,772
Nước rửa bình sữa và rau quả Combi - 250ml,771
Thú bông thỏ con màu trắng,771
Đồ chơi bảng xếp hình gỗ IM.A-3040,771
Tranh truyện dân gian Việt Nam - Voi ngà vàng,772
Trà cốm hoa quả Burine vị Cam 200g,771
Dụng cụ hút mũi dây Hito,771
Nước tương ăn dặm cho bé Thuyền Xưa vị tare 100ml,771
Đồ chơi xe đà biến hình robot 6892 MH168-140,772
Kệ để đồ đa năng có giỏ 3 tầng LF16,768
Đồ chơi tranh ghép hình kèm tên bằng gỗ cho bé ZY-002,772
Yếm sơ sinh Bibo's hồng 3M,772
Combo Sách vải đa giác quan Lalala Baby 8 chủ đề,770
Set gối chặn Kids Plaza Otis trắng in cá ND23,769
Áo thun cổ 3 phân KidsPlaza Otis ND23T (Xanh),771
Khăn tắm sợi tre Kiza 60x120,771
Bộ sơ sinh cài giữa dài tay Bibo’s TMQS 1850 ghi,771
Xe đẩy trẻ em Zaracos Oral 2706 đen họa tiết,756
Dung dịch xịt vệ sinh mũi Claricare cho trẻ em 20ml,771
Soup tươi Sài Gòn Food Baby cá hồi và cà rốt 240g (Trên 1 tuổi),772
Set kính mát chống UV kèm băng đô họa tiết dễ thương,772
Bộ quần áo bé trai cộc tay KidsPlaza kẻ phối in ô tô M23H (Xanh),771
Đồ chơi đẩy đà hình ốc sên dễ thương CY.204,772
Ghế ăn bột Autoru 4 nhún màu xanh đậm,767
Bộ quần áo sơ sinh dài tay KidsPlaza in hươu HN23H (Xanh),771
Bún canh Daisho 5 vị khác nhau (10 gói) cho bé 2Y+,771
Yếm sơ sinh Otis kẻ ngang KidsPlaza ND21H (Trắng),772
Địu ngồi em bé Baby Lab,770
Bộ quần áo sơ sinh dài tay in hình KidsPlaza NBA22 (Xanh),771
Bỉm - Tã dán Bobby size XS 70 miếng (Dưới 5kg) (Giao bao bì ngẫu nhiên),771
Máy hâm sữa đa năng Gluck GN06,769
Khăn tắm cotton sợi tre 4 lớp Chippy 120x120cm,770
Giày tập đi KidsPlaza 22K-S7 thêu voi (Xanh),771
Bộ cộc bé trai Bibo's sợi tre ghi mix cam in gấu,771
Đồ chơi vali dụng cụ bác sỹ LA5568A-6,771
Đồ chơi đất nặn máy làm kem diệu kỳ CY. 8818A,771
"Bột ăn dặm Heinz súp lơ, bông cải, phô mai 200g (Trên 6 tháng)",771
Áo sơ sinh dài tay Kiza in hình gà con (Trắng vàng) 18-24M,772
Bờm tóc công chúa gắn nơ HD7186A04,772
Tranh truyện dân gian Việt Nam - Người vợ hiền,772
Bộ sát nách Bibo's hồng,771
"Khuôn tạo hình cơm hình cá, ô tô",772
Phao tay cho bé SZDY Mikoko Gee Kingdom 3010 (Mẫu ngẫu nhiên),772
Bộ quần áo cộc tay cài vai KidsPlaza Otis in cá heo ND24H (Xanh),771
Bình tập uống nước ống hút có tay cầm KU5452 (Màu ngẫu nhiên),771
Romper bé gái Bibo’s trắng cổ sen,770
Sách Ehon Cảm ơn con vì đã sinh ra đời,772
Bộ sát nách Chong Chóng We Bare Bears sợi tre xanh,771
Bộ cài vai cộc tay Chong Chóng gấu Panda bé gái màu hồng,771
Sữa chua Bledina vị Chuối 6*55g (6M+),771
Yếm dây sơ sinh Mamago ND20H twikle star (Vàng),772
Áo ngực cho con bú Charm cotton màu trắng,771
Áo dài tay sơ sinh Kiza in hình hươu cao cổ 0-3M (Trắng Vàng),772
Dầu gội BABÉ dịu nhẹ 200ml,771
Bộ quần áo dài tay cài giữa O!Baby in thỏ DN23 (Trắng),772
Quần dài sơ sinh Kiza in cá heo (Trắng Xanh) 0-3M,772
Bàn chải đánh răng cho bé Ion-Neko Plus 2-8Y,772
Màn chụp KidsPlaza có viền size M 22K-M006 (Xanh),770
Cũi gỗ cao cấp SK-831-9,751
Bộ quần áo cộc tay cài vai bé gái KidsPlaza Otis ND24H (Trắng hồng),771
Xe tập đi gỗ IQ Toys hình con ngựa đáng yêu cho bé,770
Bộ quần áo bé gái cộc tay KidsPlaza in Smile More TT23H (Xanh),771
Bé vui học tiếng Anh cùng sticker - At the zoo - Trong vườn thú,772
Giày tập đi bé gái thêu hoa Mamago Q03 màu trắng,771
Bộ bé gái KidsPlaza hình cầu vồng HN21H,771
Bộ quần áo cộc tay cài vai KidsPlaza Otis gấu ND23H,771
Nước tương Ofukuro 100g (Trên 5 tháng),771
Bột ăn dặm Ridielac Gold cá hồi cải xanh 200g cho bé 7M-24M,771
Set 2 che thóp cho bé KidsPlaza,772
Bộ ba lỗ bé trai KidsPlaza Otis ND24H (Kẻ nâu),771
Yếm sơ sinh bé gái Bibo's trắng in nơ,772
Bộ quần áo bé trai cộc tay KidsPlaza kẻ in Baloon M23H (Trắng),771
Bột ăn dặm Ridielac Gold 4 gói vị mặn 200g cho bé 7M-24M,771
"Ty ngậm thông khí lime Philips Avent 0-6M SCF080/05 vỉ đôi (Xanh, Vàng)",770
Đồ chơi ô tô đẩy đà có nhạc và đèn CY.7723,771
Mũ lưỡi trai KidsPlaza khủng long vàng 22K-H09,771
Quạt đồ chơi cho bé KU5379,771
Sữa Morinaga Kodomil số 3 hương dâu 850g (Trên 3 tuổi),769
Xe chòi chân yb-820 màu đỏ,769
Tranh truyện dân gian Việt Nam - Người cha và ba con trai,772
Romper bé trai dài tay Bibo's ghi in gấu trúc,771
Thùng đựng rác gấp gọn OC - 05 (25 x 08 x 28.7 cm),771
Sữa dê công thức DG-1 400g (0 - 6 tháng),769
Quần cộc Kiza in gà con Trắng vàng 3-6M,772
Phao bơi đỡ cổ in thú,771
Phô mai hữu cơ tách muối vị tự nhiên 6M+,771
Set 2 quần chíp đùi Chong Chóng tím hồng,771
Bỉm - Tã dán Moony cộng miếng size L 54 + 4 (9 - 14kg),770
Sữa bầu Matilia 200ml vị dâu (Lốc 4 hộp),770
Set 2 tã dán Bibo's trắng viền hồng (0 - 3M),772
Set 3 tấm lót chống thấm AC23 30x30cm,771
Quần đùi Rabi trắng in tràn hồng CM30,772
Sữa Enfamil A2 NeuroPro số 1 350g (0 - 6 tháng),770
Set bao tay chân Otis kẻ ngang KidsPlaza ND21H (Trắng),771
Đồ chơi gỗ ToP BRIGHT ghép hình xe cứu hỏa NM19.33-130907,771
Bánh ăn dặm Pigeon dạng tròn vị cá cơm biển cho bé 7M+,771
Móc áo mỏng trẻ em Inochi Hara 185 (10 chiếc),772
Sữa Aptamil Profutura Úc số 2 900g cho bé 6-12M,766
Giường cũi Oxford Mamago 162-1A 3in1 cho bé từ 0 tháng tuổi,752
Bàn chải đánh răng siêu mềm DR KU1127 (Màu ngẫu nhiên),772
Gối xô thông hơi in voi tê giác AC21,771
Áo sơ sinh cài giữa Rabi trắng in cừu CM30,772
Sữa chua uống Susu hương dâu Vinamilk 4*110ml,772
Nước tắm gội thảo dược Yaocare Baby 250ml,771
Set yếm váy bé gái KidsPlaza in thỏ xanh ngọc HN22T,771
Gối chặn Kids Plaza Muslin hình đầu gấu PG23,771
Đồ chơi robot NM19.62-N621-2 màu cam,771
Cốc uống nước Konbini có lỗ cắm ống hút 300ml (Hồng),772
Bộ len sơ sinh bé trai KidsPlaza thêu gấu HN23D (Xanh),770
Khăn mặt trẻ em Poemy 29 x 45,772
Núm ty Moyuum số 4 cho bé trên 8 tháng,771
Áo sơ sinh dài tay Kiza in sư tử (Trắng cam) 9-12M,772
Máy hút sữa điện đơn Gluck pin sạc GP851,763
Gối ôm bơ hồng TD - 11 50cm,771
Sữa Nan Organic số 1 900gr cho bé từ 0-6 tháng tuổi,768
Bộ yếm Kidsplaza in gấu AT23H (Hồng),771
Đồ chơi bàn bi lắc đá bóng loại nhỡ 1,770
Bộ quần áo dài tay cài giữa O!Baby in gấu DN24,772
Bóng lưới Nimo 15cm cam xanh NM19.03-49,772
Áo ba lỗ Rabi trắng,772
Dầu óc chó nguyên chất Topoil 60ml,772
Bộ cài vai cộc tay Bibo's màu ghi in gấu,771
Set đồ chơi trồng hoa đa năng CY.623-323,771
Cắn răng hoa quả Toyroyal 3278,771
Quần cộc sơ sinh Kidsplaza in heo (Trắng hồng) 18-24M,772
Xịt họng húng chanh lá hẹ Dr.Papie 30ml,771
Tinh dầu tràm Mệ Đoan 50ml,771
Áo sơ sinh Bibo's hình họa dễ thương,772
Bộ bé gái dài tay cài giữa tam giác Otis KidsPlaza ND22T,771
Bô vệ sinh cai bỉm cho bé hình ô tô 891,770
Khăn ướt Mamamy 80 miếng (có nắp),772
Gối sơ sinh bông mềm Otis KidsPlaza ND21H (Trắng Sao),771
Dầu macca nguyên chất Ecofood 60ml,772
Chăn ủ KidsPlaza Muslin có mũ hình mèo PG23,770
Bô vịt con Việt Nhật 5455,771
Dầu Olive siêu nguyên chất 100ml Dintel,772
Váy tutu bé gái cổ tròn bánh bèo KidsPlaza AT23H (Hồng),771
Bánh gạo lứt Lusol hình que vị tôm 25g,772
Bình sữa Pigeon 240ml cổ rộng chịu nhiệt,769
Đồ chơi tranh ghép hình bằng gỗ cho bé ZY-004,772
Bộ quần áo dài tay cài lệch KidsPlaza trắng in họa tiết ốc xanh FTV22 0-3M,771
Thấm sữa Nha Đam Pigeon 12 miếng,772
Kính thời trang gọng dẻo KidsPlaza 8264 C43 Yellow,771
Xe đẩy gấp gọn thông minh Vovo X6,759
Bỉm - Tã quần Megumi size XXXL20 miếng (cho bé > 20 kg),770
Sữa Aptamil Đức Nutribiotik số 2 800g cho trẻ từ 6 -12 tháng,768
Phao bơi Intex 59574 xỏ chân chống lật,771
"Rong biển Oliu - Canxi ăn liền 4,5g",772
Dung dịch vệ sinh phụ nữ Crevil 300ml,770
Áo dài tay sơ sinh KIZA  in hình chuột TH 3-6M,772
Bình sữa Nuk cổ rộng nhựa PP núm cao su 300ml 741617,770
EQ - Rèn thói quen tốt - Cuốn 5: Chớ để ngày mai,772
Bỉm - Tã dán Molfix Jumbo size M 48+6 miếng (cho bé từ 6kg-11kg),771
Chó bông Poodle đeo nơ,771
Bộ quần áo cộc tay cài giữa O!Baby in sư tử DN23,772
Bộ sát nách Chong Chóng We Bare Bears sợi tre hồng,771
Quần legging bé gái Bibo's rip HY 48512 màu trắng,771
Bộ váy cộc bé gái Mamago in 91 kẻ sọc tay LN20H (Trắng) 2Y,771
Mỳ Ramen Apamen màu xanh,771
Bộ 2 ty nhai thay thế Kidsme size M 160352 (Trên 4 tháng),771
Thạch trái cây Orihiro vị Nho xanh 120g,772
Bộ quần áo dài tay bé trai phối cún KidsPlaza M21T (Trắng),770
Đồ chơi bánh răng con thuyền sắc màu CY.999,771
Rơ lưỡi silicone KU5313,772
Dầu óc chó nguyên chất Ecofood 150ml,771
Ty ngậm phát sáng DrBrown's thuyền buồm (0 - 6 tháng),771
Máy hâm sữa và tiệt trùng Mono 6 Fatzbaby FB3001TN,770
Máy hút mũi điện tử Moaz BéBé MB – 010,766
Quạt sưởi gốm Bear DNQ-C20B1,765
Bộ quần áo dài tay  bé gái khuy chéo KidsPlaza M22D,771
Set tranh đính đá kèm khung cho bé rèn tính tỉ mỉ,772
Set 2 yếm buộc dây KidsPlaza BA21 (Vàng),772
Sữa Non ILDONG Hàn Quốc số 1 90gr (New),770
Cháo tươi yến hạt sen lá dứa Cây Thị cho bé 10M+ (240g),772
Khăn sữa cotton PIP B018 Nhật bản 10pcs,771
Mũ len buộc dây hình tai mèo C1526,771
Bộ thun dài tay bé gái tay bèo in chấm bi,771
Gối lõm tai gấu họa tiết ngôi sao nhỏ cho bé,772
Bộ sát nách Bibo's xanh,771
Mũ lưỡi trai phủ voan in hình chú vịt KidsPlaza DN24H (Màu vàng),771
Bộ bát thìa ăn dặm Richell RC46860,771
Áo gile Bibo's ghi viền ghi đậm,771
Váy len dài tay KidsPlaza in hình thỏ HN23D (Hồng),770
Túi đựng bình sữa họa tiết lá và quả S23,771
Chăn ủ sơ sinh có mũ  KIDSPLAZA cotton TM19 (2 Lớp),771
Hạnh nhân Pagoda sấy nguyên chất 90g,771
Bao chân sơ sinh Bibo's chun in tràn tim hồng,772
Sữa dê công thức DG-3 400g (Trên 2 tuổi),769
Bộ bơi liền thân bé gái kẻ xanh KT201902,771
Sét 2 tấm lót thấm mồ hôi lưng cho bé KidsPlaza TM23,772
Tất hình thú YSS-08,772
Đo nhiệt độ tắm hình gấu bắc cực màu be,771
Bánh dinh dưỡng Peitien 12 loại ngũ cốc vị rong biển,771
Sách tập tô màu mẫu giáo - B60,772
Hộp bút vải hình khủng long H01,772
Bộ cộc cài lệch KidsPlaza in hình Otis ND24H (Xanh phối trắng),771
Sữa Aptamil NewZealand số 2 900g cho bé 12M-24M,767
Quần đùi chíp bé gái Chong Chóng sợi tre trắng,772
Những câu chuyện đẹp nhất tặng bé - Bước ngoặt lớn của vịt con,772
Gối chống bẹp đầu Bibo's xanh (45x20x2cm),770
Bộ sát nách bé gái Chong Chóng A1842 màu vàng,771
Xe scooter đa năng cao cấp B7008-1 màu xanh lá cây,758
Bộ cài lệch dài tay Avaler 2 vạt ghi,771
Dầu macca nguyên chất Toppoil 60ml,772
Dép sandal tập đi KidsPlaza Coolbaby 23K-S6 (Xanh),771
Đồ chơi vịt con NM19.74-HWA1370887,771
Áo dài tay bé trai KidsPlaza in Fishing TT22T (Vàng),771
Kệ để đồ đa năng có giỏ 2 tầng LF16,769
Bộ sát nách Bibo’s ghi mix xanh,771
Ô trẻ em chống tia UV hoạt hình ếch xanh,771
Quần dài bé trai Bibo's RCT 31634 màu rêu đáp gối,771
Sữa dê Kabrita số 3 800g (Trên 24 tháng),766
Sục nhựa Mario CJ-9966-1 vịt vàng,771
Sữa chua uống Susu hương táo nho 110ml x 1 hộp cho bé (Khuyến mại không bán),772
Bao tay sơ sinh Bibo’s H100451 hồng,772
Áo len cổ tim bé trai Momma hình cá mập và hình chữ one,771
Giày tập đi KidsPlaza 22K-S1 đính hoa (Be),771
Nước giặt xả Pom Pom Active 2700ml (12-36M),770
Sữa chua khô Kiwigarden vị chanh leo 20g,771
Bàn chải đánh răng cho bé Ích Nhi (Màu ngẫu nhiên),772
Khăn ướt cao cấp Wesser 80 tờ,772
Mũ bo vành phối lưới hồng đính nơ đại màu ghi,771
Chăn ủ có mũ KidsPlaza in Fresh air ND23H (Hồng),771
Những chiếc xe hiệp sĩ: Xin chào xe lu!,772
Phao tay Intex hình cá 58652,772
Mũ cotton buộc dây nơ,771
Áo gile bông bé gái KidsPlaza cúc sườn HN23D (Hồng),771
Áo gile cài giữa Bibo's gấu Panda xanh,771
Giày bún tập đi A09 lưới màu ghi,771
Khẩu trang Bibo's gấu Panda cam nhạt,772
Bộ sát nách bé gái KidsPlaza in chữ HN23H (Be),771
Set 3 tất bé gái in thú KidsPlaza DK22,772
Lều công chúa có rèm che màu xanh L04,768
Xe đẩy cho bé KidsPlaza Compact 319 Linen premium (Xanh Dương),760
Dầu ô liu Borges nguyên chất không mùi 250ml,771
Quần legging bé gái,771
Bộ quần áo dài tay bé trai Kiza in voi BA23H (Xanh),772
Áo gile len cài lệch bé trai và bé gái Momma hình summer - Mèo - In chữ,771
Bơm tay INTEX-NK 68612,771
Bỉm - Tã quần Huggies Platinum Naturemade size L 44 miếng (Cho bé 9 - 14kg),770
Tất trẻ em EK220 GR 1 - 2Y,772
Bộ cài vai cộc tay Bibo's bé trai hổ kẻ vàng,771
Bình uống nước Pur nắp bật 250ml PUR9007 (Trên 6 tháng),771
Sữa Royal Ausnz Premium Gold Infant Formula số 1 400g (0 - 6 tháng),770
Khăn tắm lông cừu 70 x 140 cm,771
Set yếm bé trai KidsPlaza vũ trụ N24H (Trắng xanh),770
Mũ gội đầu chắn nước hình heo 706,772
Áo len cài vai Momma baby dệt chéo màu tím than,771
Sữa Glucerna Vani 400g cho người mắc bệnh đái tháo đường,769
Ủ kén sơ sinh KidsPlaza Otis ND23T (Trắng xanh),771
Quần đùi bé trai Chong Chóng A1842 xanh lá,771
Bộ bé trai ba lỗ KidsPlaza in cá HN21H (Xanh),771
Giúp bé đọc và nói tốt hơn - Bố mẹ và con,772
Thớt chống trượt Yoko Inochi (Màu ngẫu nhiên),771
Giá để cốc đánh răng hình chú thỏ AC (Màu ngẫu nhiên),772
Sữa Hismart số 1 400g (0 - 6 tháng),770
Bình sữa Avent 125ml (0 - 6 tháng),770
Quần cộc Kiza in chuột (Trắng hồng) 3-6M,772
Set 2 đôi tất trẻ em chống trượt EK59 LOC2 (3 - 6 tuổi),771
Mũ bucket Bibo's thô nến,771
Máy hâm sữa siêu tốc Moaz Bébé MB-021,768
Áo cộc tay sơ sinh Kidsplaza in hình cá heo TX 18-24M,772
Xe tập đi tròn Wrsxbc  AC21 (Xanh),767
Áo cổ cao bé trai Bibo’s HY 397831 trắng,771
Bao tay sơ sinh Bibo's LV260,772
Nước xả KidsPlaza Nature hương hoa Tiare 2400ml,771
Dép nhựa bé gái đính thỏ hồng FC01,771
Nước muối sinh lý Fysoline trị nghẹt mũi 5ml,771
Đồ chơi tranh cát màu váy công chúa,772
Bỉm - Tã quần Huggies Big Jumbo size XXL 36 miếng (Trên 15kg),770
Gáo nhựa Inochi Notoro,772
Yếm ăn silicon cho bé KidsPlaza BIB006 (Xanh lá),772
Hạt nêm cá cơm Dashi 56g,772
Siro bổ máu cho trẻ Avisure Iron 20x10ml,771
Bộ quần áo cộc tay bé trai Kids Plaza Otis ND23H (Be),771
Bàn chải đánh răng trẻ em hình voi DrBrown's 0-3Y,771
Đàn guitar trẻ em hình Unicorn màu đỏ 677-2A,771
Body dài tay bé trai cài lệch KidsPlaza in chữ M23T (Trắng xanh),770
Nôi tự động Autoru Eco 22,761
Dầu óc chó nguyên chất Topoil 60ml,772
Sandal vải tập đi Aiai hình gấu,772
Kẹo dẻo cuộn Playmore vị Cola 21g cho bé 5Y+,772
Bộ cộc tay kẻ phối túi các màu,771
Tất lưới gắn nơ cho bé gái HD4223A06,772
Sữa chua Bledina vị Dâu 6*55g (6M+),771
Kem chống nắng dưỡng da Chicco SPF 50+ 75ml,769
Giá úp bình sữa có nắp đậy AC (Xanh),770
Bộ thìa và dĩa Hello Kitty 41442 (Màu ngẫu nhiên),772
"Vita DHA Baby Drops 30ml - bổ sung DHA, D3 cho trẻ sơ sinh và trẻ nhỏ",769
Bộ 2 núm ty Nuk silicon (Trên 6 tháng),771
Quần dài bé trai Chong Chóng vải xô,771
Chăn bông KidsPlaza hình gấu 21K-B2 (Ghi),770
Bộ quần áo cộc tay bé gái KidsPlaza họa tiết chấm bi HN23H (Hồng),771
Bỉm - Tã quần Nature Love Mere Super Slim XL 24 miếng (10 - 14kg),770
Đồ chơi xe đà cậu bé năng động 5475 958-13,772
Đồ chơi búp bê mặc váy vàng NM19.14-8365,771
Dép lê Mario HR-9331,771
Quần dài sơ sinh Kiza in cá heo (Trắng Xanh) 9-12M,772
Chậu rửa mặt Lameru màu trắng,772
Bộ đồ cắt móng tay Pur cho bé PUR6508,771
Cũi gỗ trẻ em Floding BC011 trắng xanh kèm đệm,757
Xe lắc Y801 màu hồng xanh,769
Thạch trái cây Orihiro vị Cam 120g,772
Áo cài vai cộc tay Bibo’s Tom & Jerry ghi đậm tay raglan,771
Hạnh nhân Pagoda sấy hương xông khói 30g,772
Bột ăn dặm Ridielac Gold gạo trái cây 200g cho bé 6M-24M,772
Áo gile Bibo's nâu hình cún con,771
Bộ đồ chơi nhà bếp cắt gọt trái cây QB181-44,771
Bộ cộc tay Lullaby raglan viền cổ NH137V màu xanh cổ vịt,771
Bộ thun dài tay Bibo’s be nẹp trụ giả LV260,771
Sữa chua hoa quả Hoff Organic vị chuối 6x55g,771
Kéo cắt móng tay cho bé kèm nắp đậy,772
Bộ quần áo cộc tay bé trai KidsPlaza in khủng long TT24H (Xanh biển),770
Bộ quần áo dài tay KidsPlaza in Tiger vàng M22T,771
Khẩu trang Bibo’s gấu Panda màu hồng,772
Set 3 tất bé trai kẻ in KidsPlaza K13 DK22,772
Sữa chua uống Susu hương táo nho (4*110ml) cho bé,772
Máy dũa móng tay Moazbebe MB015,770
Bột Daishi Pigeon vị rau củ 50g,771
Máy hút sữa điện đôi Beborn BP02ED,764
Máy dũa móng tay Moaz BéBé MB-080,770
Cháo tươi Cây Thị lươn đậu xanh 240g (Trên 7 tháng),772
Dép sandal tập đi KidsPlaza 22K-S8 hình hổ xanh,771
Sữa Nan Supreme Pro số 1 5-HMO 800g New (0 - 6 tháng),768
Ô trẻ em chống tia UV hoạt hình 3D dễ thương,771
Set body bẹn dài tay KidsPlaza Otis ND23T (Trắng hồng),771
Bảng vẽ thông minh kèm ghế YY5140 màu trắng,767
Bộ len lông thỏ bo gấu màu hồng,771
Dầu xả Dabur Amla dạng sữa giúp tóc bồng bềnh 200ml,770
Bình sữa Pigeon Softouch PPSU Plus WN3 Nhật Bản 160ml,769
Ghế tắm Bibi cho bé,771
Khẩu trang in hình gấu KidsPlaza 3pcs KFM01,772
Ba lô Champion Bear khủng long xanh tím than,769
Gối trẻ em thỏ hồng và thỏ xanh,770
Mũ lông xù hình gấu con mũi trắng,771
Sữa chua khô Kiwigarden vị Dâu Tây 14g,772
Nước ép rau củ quả hữu cơ Maeil Yummy Yummy đỏ 100ml (Từ 12 tháng),772
Khăn mặt sợi tre Takababy 29 x 50cm,772
Bộ sơ sinh bé gái Otis cài lệch KidsPlaza ND22H (Trắng hồng),771
Trò chơi phát triển trí tuệ - Khủng long (3 - 6 tuổi),772
Kính thời trang KidsPlaza Spiderman PK21-005 Yellow,771
Bộ gối chặn cho bé Babyworks,770
"Cháo tươi Sài Gòn Food Baby vị thịt bò, đậu Hà Lan, cà rốt cho bé 10M+",772
Gối ôm mèo Nimo 1106 màu ghi size 70cm,771
Băng đô nơ 003,772
Đĩa giữ nhiệt thức ăn Rotho Babydesign Tender Rose,770
Sữa Morinaga số 1 dạng thanh 10 gói x 13g (Từ 0 - 6 tháng),771
Gối lõm sơ sinh cho bé KidsPlaza TM22,771
Áo sơ sinh dài tay Kiza in hình Ô Tô (Trắng Xanh) 18-24M,772
Máy hâm sữa tiệt trùng Aoi Cube,765
Trà cốm hoa quả When I Grow Up vị mâm xôi và tầm xuân 85g 5M+,772
Mũ sơ sinh KidsPlaza Otis in cà rốt ND23T (Trắng xanh),772
Bình sữa  Aoi Space 280ml PPSU (màu ngẫu nhiên),770
Quần sơ sinh bo gấu Bibo’s in tràn cún CM30,772
Đồ chơi chim cánh cụt cute CY.HC-221,772
Xe chòi chân HX22 màu hồng,770
Hành trang vào lớp 1 - Tập Viết - Tập 3,772
Body len bé gái KidsPlaza HN23D cổ bèo (Hồng),770
"Bộ thìa silicon Rotho Babydesign Raspberry, White",770
Balo cho bé MEETU hình thỏ dễ thương (Hồng),770
Gối tựa bánh quy WZ-01,771
Bộ sơ sinh cài giữa bé gái Bibo's thêu mèo,771
Đồ chơi đẩy đà trực thăng siêu tốc CY.MH168-136,772
"Bộ thìa silicon Rotho Babydesign Aquamarine, Apple green",770
Kem đánh răng Pipicucu baby time vị dâu 60g,772
Bộ dài tay cho mẹ sau sinh Bibo's thỏ hồng,770
Bộ quần áo dài tay bé gái KidsPlaza in hoạ tiết Cầu Vồng M21T (Trắng),771
Bỉm - Tã quần Nano Bamboo sợi tre thiên nhiên size XL 44 miếng (12 -17kg),770
Áo khoác bé gái Bibo's bông xốp đám mây hồng,771
Đồ chơi bóp chíp ú òa Sankyo Toys hình cún,771
Khẩu trang hoạt tính KidsPlaza VN20 (Size L),772
Quần dài Rabi len tăm hồng,772
Đồ bơi bé gái liền thân kèm mũ sắc màu,771
Hộp 2 núm ty DrBrown's Options Plus cổ rộng số 4 (Trên 9 tháng),770
Giày bún tập đi A09 lưới màu tím,771
Áo sơ sinh cài vai tay dài Carter N01,772
Hộp 6 khăn sữa sợi tre Nappi 30 x 30 cm xanh,770
Sữa Enfagrow A+ Neuropro HMO vị thanh mát số 3 830g (1-3 tuổi),768
Sữa Wakodo Lebens Mom 850g,769
Khay ăn 3 ngăn KidsPlaza Dinosaur T002 170g,771
Áo gile len Cool Baby 12743 hươu cao cổ,771
Mũ len trẻ em tai thỏ dài,771
Giày lông thỏ nâu HC-1236,771
Nhiệt ẩm kế đa năng Moaz Bébé MB-027,770
Ô trẻ em hình công chúa dễ thương,771
Bỉm - Tã quần Megumi size M 50 miếng (cho bé 6-12 kg),770
Áo dài tay Kiza in gà BA22,772
Xe 3 bánh M9 cho bé màu đỏ,767
"Sữa Enfagrow A+ NeuroPro Số 4 (1,7kg) cho bé từ 2-6 tuổi - Kidsplaza",765
Set 5 đôi tất lưới ngộ nghĩnh BT YSS-04,772
Tranh truyện dân gian Việt Nam - Anh chàng nhanh trí,772
Máy xay ăn dặm Bear 0.6L QSJ-D02Q1 200W,768
Dép sandal tập đi KidsPlaza 23K-S12 hình gấu (Be),771
Bình sữa Pigeon 240ml PP bé trai (> 4 tháng),771
Body cộc tay KidsPlaza Otis ND24H (Xanh kẻ),771
Bàn chải đánh răng Ion-Neko dành cho bé 2-8y (Màu ngẫu nhiên),772
Búp bê ba lê Barbie DHM41,770
Phô mai Hoff vị dâu tây và táo xanh (1 hộp),772
Đồ chơi xe đạp đẩy đà CY.958-8,772
Khăn mặt Bibo's 30 x 45 cm,772
Kệ đựng đồ đa năng Việt Nhật 2 tầng 5567-2,770
Khăn mặt xô Pile & Gauze in hình 28 x 70cm (1 chiếc),772
Phao bơi đỡ cổ họa tiết gấu con đáng yêu,770
Từ điển hình ảnh cho bé: Phương tiện,772
Kem dưỡng ẩm mềm da Nivea 50ml,772
Áo thun cổ lọ bé gái in hình công chúa,771
Bộ sát nách Bibo's trắng,771
Gạc răng miệng Tottee (30 Gói),771
Đồ chơi robot khủng long pin,771
Dầu cá hồi nguyên chất Toppoil 60ml,772
Máy hâm sữa di động không dây Moaz bébé MB041,766
Tã dán cho bé KidsPlaza Hồng (1-3M),772
Bát ăn cho bé có tai B225,771
Set 2 đôi tất bé trai chống trượt EK32 LOC2,771
Bột ăn dặm cá hồi rau củ Oshito 4x50g,771
Kem đánh răng hương nho KUKU KU1099 cho bé trên 6 tháng tuổi,772
Bát ăn dặm hình hoa quả ngộ nghĩnh AC (Màu ngẫu nhiên),772
Bộ bé trai ba lỗ KidsPlaza in cá HN21H (Ghi),771
Sục nhựa Mario CJ-9966-1 khủng long hồng,771
Set 3 đôi tất dệt kim chống trượt cho bé 0-6M,772
Chăn ủ có mũ in hình 2 lớp KidsPlaza TM21 (Xanh),771
Chăn lưới sợi tre cho bé KidsPlaza 22K-BB01 (Xanh),770
Gạc rơ lưỡi Dr Papie 30pcs,771
Kẹo sáng tạo sushi 28.5g,771
Giày tập đi in hình sao Mamago F103,771
Hộp đựng đồ trang điểm OC-07,771
Gặm nướu Moyuum silicone chống mút tay hình voi (Hồng),769
Chăn ủ có mũ Otis kẻ ngang KidsPlaza ND21H (Trắng),770
Bỉm - Tã dán Moony size M 64 miếng (6 - 11kg),770
Sục nhựa Mario khủng long xanh QL-7688,771
Kem dưỡng ẩm Chicco Bơ Cacao Cold Wind 0M+ 50ml,770
Sữa tắm gội Arau baby chai 450ml (New),771
Bộ dài tay bé trai giả gile KidsPlaza M22D,771
Tã quần Huggies Skin Perfect size M 70 + 6 miếng (6 - 11kg),770
Kem đánh răng Hàn Quốc Hestia 18 Original hơi thở thơm mát 120g,772
Bộ sát nách Chong Chóng We Bare Bears sợi tre xanh đen,771
Kính thời trang gọng dẻo KidsPlaza 2023 3700 C4 (Tím),771
Set body dài tay mix quần Bibo's gấu Ice Bear trắng,771
Giày tập đi bé gái trắng tim LC18,771
Nệm bé nằm hình tròn họa tiết thỏ hồng S15,762
Phô mai hữu cơ tách muối vị chuối 6M+,771
Xe đẩy thông minh cao cấp Playkids X6-2 màu trắng,756
Cháo tươi Cây Thị thịt bò cà rốt 240g (Trên 7 tháng),772
Set thìa dĩa Rotho Babydesign Aquamarine / Apple green,771
Sữa dinh dưỡng pha sẵn Similac IQ Plus vani 110ml (Lốc 4 hộp),772
Thú bông hình con kỳ lân váy hồng & bạc HN-01,771
Bộ chăn gối gấp gọn 2 in 1 NM1119 màu quả dâu,771
Bộ quần áo cộc tay cài giữa O!Baby DN23 (Trắng),772
"Bộ rối 5 ngón tay voi, thỏ, hổ, khỉ và hươu KB05",771
"Những câu chuyện đẹp nhất tặng bé - Từng chút, từng chút một",772
Gối chống trào ngược trẻ em Mochee hình gấu 70 x 70cm,769
Bọt tắm gội thảo mộc Arau Baby túi 400ml,771
Bô vệ sinh hình gấu trẻ em Hokori 5458 (Màu ngẫu nhiên),771
Tinh dầu tràm Hoàng Cung 50ml,771
Đồ chơi gậy phát sáng các hình ngộ nghĩnh,772
Quần dài sơ sinh Kiza in voi BA22,772
Bàn chải đánh răng Ion Haru (1 cái),772
Áo len bé gái cài giữa KidsPlaza ND22D (Hồng nhạt),771
Áo Gile Bibo's họa tiết xinh xắn,771
Chia sữa 3 ngăn Kuku - Ku5318,771
Xe đẩy cho bé KidsPlaza Avon Premium V.818 (Xám Bạc),756
Đồ chơi xe vẹt huýt sáo kèm kẹo socola Hàn Quốc,772
Bàn chải đánh răng Ion Elephant siêu mềm (Trên 1 tuổi),772
Bộ sơ sinh dài cài lệch Yukata KidsPlaza kẻ tăm ND23T (Trắng),771
Hoa quả sấy khô Mom's Cook Hàn Quốc vị Táo,771
Đồ chơi ô tô cót MD1058,772
Ghế ngồi ăn dặm cho bé Meetbaby HC011(Xanh vàng),766
Sữa non Elife số 1 Newborn 800g (Từ 0 - 12 tháng),768
Snack rong biển Tao Kae Noi Big Roll vị truyền thống 3.6g,772
Áo dài tay sơ sinh KIZA  in hình chuột TH 12-18M,772
Bao tay sơ sinh Bibo's bé gái C30 trắng in tràn hình học,772
Áo sơ sinh dài tay bác sĩ Kiza (Trắng),772
Set yếm bé gái KidsPlaza in thỏ Hello HN22T,771
Địu ngồi cho bé AAG xanh nước biển,768
Bộ dài tay bé trai KidsPlaza in cá sấu M23T (Trắng xanh),771
Xe thăng bằng Ander AKB 1209 (không bao gồm giá chống),766
Kính râm cho bé KidsPlaza gọng dẻo 8129 C10 Yellow,771
Cốc ống hút Richell RC41640 200ml (Trên 8 tháng),770
Sữa Vinamilk Yoko Gold 3 850g cho bé 2Y-6Y,769
Sữa Abbott Grow Gold 3+ hương Vani 900g (3-6 tuổi),769
Đồ chơi vali búp bê bé gái 1412,772
Body ba lỗ bé trai KidsPlaza in sư tử TT23H (Trắng),771
Chăn ủ cho bé KidsPlaza Otis chấm bi ND23T (Trắng xanh),771
Cổ tích Việt Nam cho bé mẫu giáo - Sự tích mèo ghét chuột,772
Bình sữa Pigeon PP tiêu chuẩn hình gấu 120ml,772
Gia vị rắc cơm Nhật Bản 6 vị 30 gói,771
Núm ty Kamidi silicon màu nâu 1 tia,771
Set 5 quần lót tiện lợi KidsPlaza PP BA21 size XL,772
Gấu bông lông nhung Hàn Quốc màu be,772
Đệm thay tã Rotho Babydesign White Bestfriends thành cao 50 x 70 cm,764
Sữa chua khô sấy lạnh  YOMIT vị việt quất 6m+,771
Ngũ cốc Calbee 750g,771
Tăm bông trẻ em Newborn Keiko (200 cây),772
Dép sandal tập đi KidsPlaza 23K-15 gà cute (Xanh),771
Bánh ăn dặm Pigeon dạng tròn vị cá cơm biển cho bé 7M+,771
Gối đầu TW1157 hình gấu,771
Set 2 quần cạp cao cho bé Mamago NĐ19 (Hồng),771
Bộ bé trai dài tay cài giữa tam giác Otis KidsPlaza ND22T (Trắng Xanh),771
Áo tay ngắn bé trai in hình máy cày Kiza,771
Bỉm - Tã quần Goldgi Eco size L 48 miếng (9 - 14kg),770
Đồ chơi ô tô NM19.67-D878,772
Bộ cài vai cộc tay bé gái Bibo’s xô hồng thêu thỏ,771
Chậu rửa mặt trẻ em Royalcare,771
Bình sữa Moyuum PPSU Yellow Love 270ml,769
Bộ quần áo cộc tay KidsPlaza Otis ND23H (Ghi),771
Bỉm - Tã quần Nature Love Mere Long Night XXL 20 miếng (Trên 13kg),770
Áo len cài vai zecnang Momma baby kẻ màu xanh,771
Dung dịch vệ sinh tai mũi họng LiveSpo Navax (hộp 5 ống),771
Hành trang vào lớp 1 - Làm quen với Toán - Tập 2,772
Áo cộc tay Kidsplaza in hình sư tử ( Trắng cam) 18-24M,772
Nước muối sinh lý Fysoline vàng 5ml,771
Tăm bông trẻ em Hana cao cấp (200 cây),772
Tăm bông sơ sinh Mother-K Hàn Quốc KM13040 (30 chiếc),771
Bóng bay hình trái tim nhiều màu LH01,772
Sữa Nan Nga số 1 800g (0 - 6 tháng),769
Áo gile len Cool Baby 12742 hổ con,771
Ty ngậm Moyuum size 2 (Xanh),771
Đồ chơi trứng Little Horse 10086,772
Áo ngực mẹ bầu SPAB819K Size 36 Hồng,771
Set 2 chi tiết bé gái áo hoa dài tay và quần legging TL-BD-22,770
Sữa tắm gội toàn thân Dnee hồng chiết xuất hoa anh đào 200ml,772
Mũ lưỡi trai Chong Chóng mắt một mí ghi kẻ,771
Khăn sữa 2 lớp Lulame,771
Soup Miso rong biển Wakamen đậu hũ non gói 100g,771
Bộ quần áo dài tay cài lệch KidsPlaza in hình mèo M23H,771
Cháo ăn liền Achaki tôm cà rốt cho bé 1Y+ (105g),772
Khăn tắm xô nhăn 2 lớp BLS21,771
Sữa I Am Mother số 4 800g (1 - 3 tuổi),766
Dép sandal tập đi Aiyinmei đính hình chú ếch 23K-SD11 (Be),772
Ủ kén tai thú Bibo's B312 xanh 0 - 3M,771
Áo sơ mi Chong Chóng thô chấm bi nâu,771
Bộ chăn gối gấp gọn 2 in 1 NM1119 màu quả kiwi,771
Những người bạn tốt - Cô bọ rùa xinh xắn,772
Sandal Aoyidu quả cherry B-2,771
Phô mai hữu cơ tách muối vị chuối 6M+,771
Bộ sơ sinh cài giữa dài tay Bibo’s khủng long vàng,771
Bột nêm ăn dặm Anpaso vị rau củ 60g,771
Xe trượt scooter 3 bánh Bibos 5588 (Nhiều màu sắc),769
Gáo nhật sâu lòng Hokori 6163,772
Mì Somen Hakubaku 100g (Trên 5 tháng),771
Dép sandal thể thao KidsPlaza 22K-S15 active (Xanh),771
Bộ gối chặn cho bé vỏ đỗ Kiza,771
Tắm gội cho bé Dnee hồng 200ml,772
Bộ đồ chơi nhà bếp màu xanh 31 chi tiết QB181-53,770
Bột ăn dặm bò rau củ Oshito 4x50g,771
Cháo tươi hải sản thập cẩm Cây Thị cho bé 7M+ (240g),772
Bánh quy dinh dưỡng 12 loại ngũ cốc 180g vị khoai môn cho bé 9M+,771
Búp bê Barbie duyên dáng T7439,771
Set 5 quần lót giấy Kidsplaza PE BA21 size XL,772
Khăn lau hạ sốt Dr Papie cho bé 3M+,771
Bỉm - Tã dán Huggies Platinum siêu cao cấp size L - 54 miếng (Cho bé 9 - 14kg),770
Kính mắt thời trang Hello Kitty,772
Bộ dài tay cho mẹ sau sinh Bibo's cam hồng,770
Áo dài tay sơ sinh Kiza in hình hươu cao cổ 3-6M (Trắng Vàng),772
Dép sandal tập đi KidsPlaza hình hoa 22K-S7 (Hồng),771
Bông tắm bọt biển hữu cơ konjac Nimo,772
Bình sữa Avent 260ml (1 - 6 tháng),770
Bộ dài tay bé trai KidsPlaza in hình mèo M23H,771
Hạt nêm Ajinomoto thịt viên rau củ 50g,772
Áo cộc tay Chong Chóng bé trai cài vai HC8989 xanh coban,771
Thau rửa mặt cho bé Notoro 27cm (Màu ngẫu nhiên),772
Sữa hạt dinh dưỡng Funa 18*20g,770
Chăn ủ có mũ thêu hình KidsPlaza 2 lớp BA21 (Xanh Ngọc),771
Gối lưới đa giác 3D họa tiết gấu thêu S09,771
Rơ lưỡi silicon Richell,771
Đồ chơi lò vi sóng NM.267282,771
Bộ sơ sinh cài giữa dài tay Bibo's sợi tre mix yếm,771
Thỏ bông Bunny tai dài màu hồng,771
Bộ quần áo cộc tay bé trai KidsPlaza Otis ND24H (Cam),771
Kem chống nắng trẻ em Cancer Council Kids SPF 50+/PA ++++ (110ml),769
Áo gile len cài giữa bé trai Momma hình tên lửa,771
Bộ sơ sinh cài lệch dài tay Bibo's C30 cam nhạt,771
Bộ quần áo cộc tay KidsPlaza hình thỏ in PEEPS HN23H (Hồng trắng),771
Kính mắt thời trang hình gấu trúc gọng dẻo,772
Dầu ô liu Borges siêu nguyên chất 125ml,771
Set quần yếm nâu mix áo trắng cho bé,771
Máy tạo độ ẩm Laica HI3006,764
Tranh truyện dân gian Việt Nam - Tống Trân Cúc Hoa,772
Bánh gạo Organic Maeil Yummy Yummy Red B1 25g (Từ 7 tháng),772
Sữa Oggi Gold 1+ 900g cho bé từ 1-10 tuổi,770
Set 8 hộp trữ thức ăn KidsPlaza KP07,771
Bộ quần áo sơ sinh dài tay cài vai KidsPlaza M21T (Vàng),771
Lấy ráy tai có đèn 6057 sắc màu,772
Áo phao bơi trẻ em INTEX 58660,771
Mũ len tai thỏ kẻ sọc,772
Bột sữa non Colomi 200g,769
Set váy polo KidsPlaza cổ vuông HN23H (Xanh trắng),771
Thế giới ô tô: Xe cứu thương nhiệt tình,772
Lời thương gửi con yêu - Con chẳng hề nhỏ bé,772
Đồ chơi xương rồng nhại giọng nhảy múa vui nhộn,771
Set 3 tất nam KidsPlaza KN02 DK22 (tiêu-xám-đen),771
Mũ len 2 tai Mamago NĐ19D kẻ hồng,771
Chun buộc tóc len đen to,772
Bánh gạo hữu cơ Farm to family vị phô mai hộp 50g (6M+),771
Cháo tươi cá chẽm khoai môn Cây Thị cho bé 7M+ (240g),772
Áo len gile bé trai KidsPlaza cúc tàu HN23D (Vàng),770
Dung dịch giặt xả Dnee hồng 600ml,771
Áo sơ mi bé trai KidsPlaza kèm cavat TT HN23T (Trắng),771
Áo sơ sinh dài tay Kiza in hình cá heo 6-9M (Trắng Xanh),772
Set băng đô và cặp tóc BEBE Comfort 4 chi tiết BC73088,771
Sữa chua sấy lạnh Haeswim vị việt quất dạng gói 16g,771
Yếm dây sơ sinh Neil Mamago HN20H (Cam),772
Bập bênh 2 in 1 hình ngựa YYR2816 màu hồng,768
Mũ lưỡi trai thỏ Mz7627 vàng đậm,771
Bộ quần áo cộc tay sơ sinh KidsPlaza in hươu HN23H (Ghi),771
Chăn lưới cho bé IT,771
Áo len cài vai bé trai KidsPlaza ND23D (Xanh),771
Giày tập đi thể thao bé trai ghi đậm dây LC21,771
Set body yếm mix áo cộc tay bé gái Bibos hình ngôi sao,771
Bộ quần áo dài tay KidsPlaza in chữ có mũ TT23T (Xanh ngọc),771
Quần sơ sinh Bibo's in tràn gấu xanh,772
Búp bê cánh tiên IMA269A,772
Choàng tắm xô 2 lớp Bibo's thỏ hồng,771
Set 2 yếm tam giác KidsPlaza Otis in cà rốt ND23T (Trắng xanh),771
Bột dinh dưỡng HiPP ăn dặm khởi đầu 4M 250g (Trên 4 tháng),771
Bộ ba lỗ bé trai KidsPlaza khủng long N24H (Kẻ xanh),771
Sữa non ColosIgG 24h 90g,769
Sữa Vinamilk ColosGold 2 350g cho bé từ 1-2 tuổi,770
Nước mắm cá cơm Lê Gia 200ml,771
Gối nằm sấp chống đầy hơi cho bé TW1705 vịt trắng,770
Miếng lót sơ sinh Huggies Skin Perfect NB1 108 miếng (Dưới 5kg),771
Hạt đậu lăng đỏ Ecofood 130g,771
Set 5 quần lót tiện lợi Mamago cotton size XL,772
Bộ cotton lỗ các màu,771
Bộ quần áo dài tay bé gái KidsPlaza in hình thú M23T (Tím),771
Set 4 đôi tất lưới hình thú BG YSS-03 xinh xắn,771
Kẹo mút Glico Popcan Mickey Nhật Bản cho bé,772
Bộ quần áo dài tay cài lệch KidsPlaza gấu Honney M23T (Trắng ghi),771
Ca tắm gội cho bé Bibo's BH-711,771
Cắn răng Toyroyal tam sắc 3236,771
Yếm sơ sinh Mom's care nơ hồng 4060-266,772
Sét váy yếm KidsPlaza cổ thêu thỏ AT23T (Tím),770
Nhộng chũn Bibo’s đỏ gạch in cừu size 3 tháng,770
Bộ quần áo dài tay KidsPlaza cài giữa trắng kẻ ghi ND23H,771
Choàng bế sơ sinh Bibo's B312 hình thú ngộ nghĩnh,771
Bộ cài lệch Lullaby NH108V xanh blue,771
Sữa Colos DHA+ 0+ 800g (0 - 12 tháng),769
Áo cộc Kiza in chuột (Trắng hồng) 18-24M,772
"Máy hâm sữa, hâm nước mini Moaz BéBé  MB069",764
Áo sơ sinh Kiza cộc in hình thỏ (Trắng hồng) 18-24M,772
Chổi cọ bình và núm ty Babymoov màu hồng BM01527,771
Sữa bầu Meiji Mama 350g,770
Gối chống trào ngược tam giác Bibo's xô muslin gấu be,770
Sữa hạt óc chó nguyên chất 137 Degrees 1000ml,771
Bình sữa silicon Putti Atti có tay cầm màu hồng 260ml,769
Bình xịt diệt khuẩn Baby Fresh 300ml,769
Set 3 đồ chơi tắm phun nước Infantino,771
Núm ty Lansinoh size M (cho bé 3-6M) và size F (cho bé 6M+),771
Máy hâm sữa thông minh siêu tốc Moaz bébé MB-033,767
Sữa chua Bledina vị Xoài 6*55g (6M+),771
Set 2 đôi tất trẻ em EK2114 LOC2 size 0 - 6M,772
Bột ăn dặm Ridielac Gold lươn cà rốt đậu xanh 200g cho bé 7M-24M,772
Váy bé gái Kidslaza cổ bèo in hoa HN23H (Trắng),771
Đồ chơi bóp chíp ú òa Sankyo Toys hình mèo,771
Áo gile len mặt cười 1247 màu xanh lam,771
Bộ pijama dài tay Chong Chóng thỏ cà rốt,771
Tấm lót chống thấm Rabi 30 x 30cm,772
Hộp nhựa đa năng xếp gọn 42 x 28 x 21 cm,771
Gia vị rắc cơm trẻ em vị rau củ Anpaso 35g,772
Sữa Enfamil A+ Lactofree Care số 1 400g (0 - 12 tháng),770
Set 5 đôi tất lưới kẻ ngang cho bé KidsPlaza DK23H,772
Chậu rửa mặt gấp gọn hình vương miện FT-066,771
Lúc lắc cắn răng Combi 3m+,771
Búp bê baby ngồi ghế ăn hồng NM19.14-9106A/F,771
Nước giặt xả Pom Pom cho bé chai 1.6L (0 - 1 tuổi),771
Mũ sơ sinh dày thêu họa tiết tay Gấu KidsPlaza HN20D,772
Bỉm -  Tã quần Huggies size L 68 miếng (cho bé 9 - 14 kg),770
Ủ xô muslin trần bông họa tiết tim cho bé,770
Quần đùi Rabi hồng CM30,772
Set gối chặn Otis bé gái KidsPlaza ND22H Trắng Hồng,770
Khẩu trang Bibo’s CM30 gấu hồng,772
Sữa Nan Optipro Plus số 2 5HMO 800g cho bé 6-12 tháng tuổi,768
Bộ quần áo cộc tay bé trai KidsPlaza in gấu M24H (Be nâu),771
Giày bún cổ cao 827 hình bò con màu xanh lam,771
Sữa tắm gội Bebble 400ml,769
Quần sooc bé gái Chong Chóng xanh cạp bèo,771
Khay ăn dặm 3 ngăn Kidsplaza BT002 (170g),771
Dép sandal tập đi KidsPlaza 23K-S12 thêu gấu (Xanh),771
Chăn ủ có mũ Neil Mamago HN20H (Cam),771
Hoa quả sấy khô Mom's Cook Hàn Quốc vị Táo,771
Áo dài tay Rabi petit nâu,772
Quần dài bé gái Bibo's HT020 xanh,771
Thạch trái cây Orihiro vị Nho xanh 120g,772
Sữa Blackmores Số 1 (Úc) 900g (0-6 tháng),768
Đàn guitar trẻ em hình hổ con màu xanh 677-2B,771
Bộ thau rổ cao cấp Yoko 30cm Inochi (màu ngẫu nhiên),771
Gel tắm gội dưỡng ẩm Mustela 500ml,770
"Mì ăn dặm củ cải đỏ, củ dền Anpaso 120g",772
Bánh que Glico Pejoy Cookies & Cream hộp 40g,772
Bình sữa Pigeon cổ rộng 160ml,769
Bộ khăn mũ cho bé in mèo tai kẻ QQ19,772
Tất sơ sinh Kiza 2018bss-551 set 3 đôi (6-24M),772
Thạch trái cây Orihiro vị Lê 120g,772
Bánh gạo Want Want vị phô mai 108g cho bé 7M+,772
Bông đa năng Baby Moby nhỏ,771
Bảng vẽ thông minh kèm ghế YY5140 màu hồng,767
Đồ chơi đẩy đà gia đình nhà lợn CY.HC-215,772
Sữa Nutren Junior 400g phát triển não bộ - thể chất cho bé (1 - 10 tuổi),769
Hộp 2 núm ty DrBrown's Options Plus cổ rộng số 3 (Trên 6 tháng),770
Ghép hình Công chúa ngọc trai,772
Ty ngậm silicone Moyuum kèm hộp Stage 2 (Trong suốt),770
Nước ép vị nho và rau củ Pigeon,772
Bao tay sơ sinh Bibo's HY 397831 nhiều màu,772
Ngũ cốc lợi sữa Lạc Lạc Plus,770
Giày tập đi da bé trai thú đỏ LC07,771
Bỉm - Tã dán Moony Newborn 76 + 14 miếng (Dưới 5kg),770
Nước mắm Ngư Nhi cho trẻ 70ml,772
Sữa Nan Optipro Plus số 4 5HMO 850g cho bé 2-6 tuổi,769
Mũ sơ sinh KidsPlaza Otis in cà rốt ND23T (Trắng cam),772
Nhộng chũn Bibo's màu ghi 3 - 6M,771
Bộ quần áo bé trai dài tay phối màu thêu gấu HN22D,771
Chậu tắm thông minh báo nhiệt độ Kiza BBT030 (Màu ngẫu nhiên),768
Tinh dầu húng chanh Dr.baby,771
Bát ăn hình cá KidsPlaza Dinosaur B004 104g,772
Bộ body dài tay bé trai cài vai KidsPlaza Octopus M23T (Trắng xanh),770
"Kem thay tã, chống hăm Bebesolution Hàn Quốc cho bé 100ml (Từ sơ sinh)",770
Áo hai dây Chong Chóng cườm lật ngựa pony,771
Bộ quần áo ba lỗ bé trai KidsPlaza Otis ND24H (Trắng - vàng),771
Gối ôm heo hồng nằm,770
Ty ngậm Moyuum size 2 (Xanh),771
Bàn chải đánh răng 360 độ Higuchi (Từ 3 tuổi),771
Sữa Aptamil New Zealand số 2 900g (12 - 24 tháng),767
"Romper bé trai Bibo's jaclang CA472 ghi trắng (NB, 3M)",771
Bỉm - Tã quần Ryo M 50 miếng (cho bé 6-11kg),771
Bộ quần áo bé gái mix mũ Bibo's hồng,771
Bột phô mai rắc Megmilk Snow 50g,771
Bộ quần áo cộc tay bé gái KidsPlaza Otis ND24H (Trắng hồng),771
Sữa Nan Optipro Plus số 2 5-HMO 800g (6 - 12 tháng),768
Sách Ehon Moi Moi,772
Khăn vải khô Mother-K Hàn Quốc đa năng KM13268 (160 chiếc),770
Dung dịch thảo dược An Bảo trị muỗi đốt (12ml),772
Set 3 khẩu trang xô Kidsplaza,772
Sữa dưỡng ẩm chiết xuất hạnh nhân Babycoccole 250ml 0M+,770
Bình sữa Comotomo Baby Bottle 250ml,769
Tranh truyên dân gian Việt Nam - Tiếng sáo thần kì,772
Xe chòi chân có nhạc và đèn KidsPlaza TX2016,768
Bộ quần áo sau sinh cho mẹ in cổ sen TT22 (Hồng),769
Thuốc tắm Dao'Spa Mama,770
Núm ty cổ rộng Spectra LL,771
Nước giặt xả Dr.Spock Organics 2L (Trên 6 tháng),770
Bánh ăn dặm Pigeon dạng thanh vị rau củ cho bé 6M+,771
Xúc xắc lục giác mềm ABC,771
Khẩu trang Bibo’s CM30 mèo hồng,772
Gối sơ sinh cao su Liên Á TM22 40x22cm,770
Nước rửa bình sữa Wesser 500ml dạng chai,771
Bình sữa Hegen 150ml PPSU,769
Áo gile len hình cà vạt Cool Baby 1229,771
Yếm sơ sinh hình cú mèo LO2E,772
Sữa béo Nga New Milky 1kg,771
Đồ chơi bóp dẻo hình gấu nâu,771
Đồ chơi thỏ bông mini biết nhảy dùng pin,771
Nước tắm thảo dược Sachi 250ml (Từ sơ sinh),771
90% trẻ thông minh nhờ cách trò chuyện của cha mẹ,772
Tủ đựng đồ chơi Inhebaby 2 lớp hình ngôi nhà YH06,762
Bộ quần áo bé trai cộc tay KidsPlaza kẻ in khủng long M23H,771
Sách âm thanh Thế giới phương tiện,770
Sục nhựa AP cá mập,771
Mũ len chùm hình tai thỏ cho bé,771
Áo sơ sinh dài tay Kiza in hình thỏ 18-24M (Trắng Hồng),772
Bánh ngũ cốc Kemy Kids vị Phô Mai dành cho bé trên 8 tháng,771
Dép sandal tập đi KidsPlaza Coolbaby 23K-S6 (Xám),771
Sữa Nan Expert Pro Total Comfort 380g cho bé 0-12 tháng tuổi,770
Máy tiệt trùng sấy khô và hâm sữa Moaz Bebe MB005,761
Bộ quần áo bé trai cộc tay KidsPlaza cài giữa in hươu xanh HN23H,771
Vui chơi thông minh - Giải mã cùng thám tử nhí,772
"Bộ đồ chơi vận động liên hoàn 3 chi tiết: quây bóng, xích đu, bóng rổ",758
Bộ quần áo sơ sinh dài tay in hình KidsPlaza NBA22 (Hồng),771
Mũ thời trang KidsPlaza đính hoa 23K-H11 s50 (Hồng),771
Khẩu trang Bibo’s CM30 gấu cam,772
Bộ quần áo bé gái cộc tay KidsPlaza cài giữa in hươu hồng HN23H,771
Body cộc tay bé trai KidsPlaza Otis ND24H (Trắng),771
Dây giữ ty ngậm Ku5303,771
Hộp 24 dây thun buộc tóc L180 4 màu,772
Mũ lưỡi trai phủ voan in hình bánh mì KidsPlaza DN24H (Xanh dương),771
Bộ quần áo dài tay bé gái KidsPlaza in hình Thỏ M21T (Hồng),770
Quần đùi chíp bé gái Chong Chóng sợi tre hồng đậm,772
Xe 3 bánh cá heo 168 cho bé,768
Mũ thời trang KidsPlaza lưỡi trai hình cáo 23K-H01 s48 (Hồng),771
Máy tạo tiếng ồn trắng Moaz BéBé,769
Đồ chơi xúc cát khủng long CY.C008-C 6pcs,772
Romper đùi Bibo’s in hổ vàng kaby008,771
Màn chụp gấp gọn KidsPlaza Galaxy M 23K-M01 (Hồng),770
Khẩu trang Bibo's gấu Panda hồng,772
Dép sandal tập đi Aiyinmei đính hình chú ngựa 23K-SD11 (Xanh),772
Rong biển ăn liền vụn Sung Gyung vị Oliu 50g,772
Gia vị rắc cơm Enzy vị hải sản gói 30g,772
Đồ chơi robot NM19.62-N620-2 màu trắng,771
Choàng bế bông Mom's care cánh cam 5050-05,770
Giá úp bình sữa Aoi,770
Yếm cho bé sơ sinh 2 mặt Otis KidsPlaza in Khủng Long ND21H (Trắng),772
Trái cây nghiền nguyên chất Andros Fruit Me Up vị Xoài Chuối Chanh Dây 90g,772
Dép sandal thể thao KidsPlaza 22K-S15 active (Xanh),771
Đồ chơi Cá Điện Hola phun nước có đèn,770
Bình uống nước kèm ống hút và có tay cầm KuKu Ku5472 200ml (Màu ngẫu nhiên),770
Khăn tam giác sơ sinh Bibo's We Bare Bears in tràn hồng,772
Body ba lỗ bé trai KidsPlaza in cá voi HN21H (Ghi),771
Áo sơ sinh cộc tay Kiza in trăng sao BA22,772
Màn chụp Hàn Quốc AC21 (Xanh),770
Áo gile lông kèm mũ màu xám,771
Dĩa inox Konbini cho bé kèm hộp đựng hình thú (Màu ngẫu nhiên),772
Lá xông thảo mộc WonMom 70g,772
Choàng bế Luvena Fortuna voi nơ hồng 802003,771
Bình sữa Moyuum PPSU mây xanh 270ml,769
Mũ lưỡi trai bé trai KidsPlaza thêu ngôi sao DN23H (Nâu),771
Bỉm - Tã quần Nano Bamboo sợi tre thiên nhiên size M 44 miếng (6 - 11kg),770
Áo len dài tay bé trai KidsPlaza in gấu HN23D (Vàng),770
Nhiệt ẩm kế đa năng Moaz Bébé MB - 027,770
Lá kim tẩm dầu ô liu O'Food gói 5g (lốc 3),772
Yếm dây sơ sinh Otis Mamago ND20H (Hồng),772
Mũ vành Bibo's họa tiết hoa nhí,771
Áo len cài vai Momma baby dệt chéo màu ghi,771
Bộ dài tay bé gái KidsPlaza in Happy Hồng TT22T,770
Băng đô bé gái nơ kim tuyến JH-04,772
Xe đẩy cho bé KidsPlaza Compact 319 Linen (Màu Đen),760
Đồ chơi bánh bao dẻo màu,772
Bộ quần áo dài tay bé gái KidsPlaza in gấu bông TT23T (Hồng),771
Bỉm - Tã dán Bobby size XL - 36 miếng (Cho bé 12 - 17kg),771
Bỉm - Tã dán Moony Natural size Newborn 62 miếng (Cho bé ~ 5kg),770
Túi chun buộc tóc hình thú,772
Áo len gile bé gái KidsPlaza kiểu caro bèo HN23D (Hồng),770
Nước muối sinh lý Fysoline hồng 5ml,771
Từ điển hình ảnh cho bé: Số đếm,772
Màn chụp gấp gọn Rabi hình sư tử màu xanh,770
Hộp xúc xắc bánh donut 8 chi tiết,771
Chăn len sơ sinh họa tiết,770
Váy sát nách bé gái Mickey trắng 203,771
Bộ vắt cam chanh Inochi Yoko 500ml (màu ngẫu nhiên),771
Kẹo giáo dục Kracie vị nho 23.5g,772
Áo sơ sinh dài tay KidsPlaza in hình chú thỏ (Trắng Hồng),772
Set 5 yếm sơ sinh vải xô in hình 6 lớp AC22,771
Bộ quần áo dài tay cài lệch Yukata KidsPlaza Otis ND23T (Trắng cam),771
Nước mắm nguyên chất Toppoil 100ml,772
Khăn tắm vải bông 6 lớp L'Ange 70 x 120 cm,769
Bánh gạo hữu cơ Mom's Choice vị táo 6m+,771
Mũ bo vành hình gấu C2059,772
"Nước muối sinh lý Natriclorid loại to 10ml (0,9%)",772
Tấm lót chống thấm màu xanh 50 x 70cm,771
Bộ cài lệch cộc tay Avaler sợi tre hồng,771
Đồ chơi em bé bò 1412,771
Đồ chơi vali bánh xe dụng cụ nhà bếp LAToys (Trên 3 tuổi),771
Bình sữa Moyuum silicone 260ml,768
Dinh dưỡng đóng lọ HiPP vị mơ tây (125g),772
Bô gấu Việt Nhật Hokori 5458,771
Áo len Cool Baby 4128 thỏ vàng,771
Body cộc bé trai KidsPlaza hai dây HN24H (Tím than),770
Dầu gội Dabur Amla dạng sữa giúp tóc bồng bềnh 400ml,769
Đồ chơi nhà tắm Woody thợ lặn vịt béo con cót cho bé (Trên 3 tuổi),772
Áo tay ngắn bé trai in hình ô tô kẻ Kiza,771
Mũ sơ sinh Otis bé gái in crab KidsPlaza ND22T (Trắng hồng),772
Tranh truyện dân gian Việt Nam - Tìm mẹ,772
Áo cài vai dài tay bé gái Bibo's LV260 hồng,771
Đồ chơi đất nặn 8 màu 100g,772
Bờm tóc cho bé đính 2 hoa trong,772
Xe đẩy gấp gọn 618A màu ghi,756
Bình thìa Munchkin 15807 150ml,770
Áo phông tay ngắn bé trai in hình chú voi Kiza,771
Quạt sạc mini để bàn 608,769
Bộ cài vai dài tay Bibo's bé gái màu hồng san hô,771
Váy tutu Bibo’s Star hồng,771
Tã quần Huggies Skin Perfect size L 60 + 6 miếng (9 - 14kg),770
Áo gile cài lệch Rabi,771
Sục nhựa Mario CJ-9966 kỳ lân hồng,771
Bộ bơi liền thân Chong Chóng sát nách hồng phối xanh khoét nơ,771
Mũ tai thú sơ sinh Bibo's QS1804 xanh,772
Giấy vệ sinh Chip Chip 10 cuộn màu xanh không lõi 1.5kg,771
Bỉm - Tã dán Moony Natural size S 58 + 2 miếng (4 - 8kg),770
Bình sữa Kamidi PPSU 210ml,769
Sữa dưỡng ẩm chiết xuất hạnh nhân Chicco 200ml (Từ sơ sinh),770
Đồ chơi phun nước Hola cá voi có đèn,770
Pudding Burine vị vani (Từ 6 tháng),771
Kem hăm 3 tác động Chicco 100ml (Từ sơ sinh),770
Xe đẩy 2 chiều gấp gọn Vinng Q7 chuột Minnie hồng,750
Bộ bé trai ba lỗ KidsPlaza in cá HN21H (Xanh),771
Hộp 3 khăn muslin Hudson Baby bé gái lá hồng 40358,769
Set 3 đôi tất bé gái KidsPlaza hoạ tiết in hoa DK21,772
Sữa chua hoa quả Bauer Petit (6 hộp) cho bé trên 6 tháng tuổi,771
Bánh kem ốc quế Pororo vị chuối 54g,772
Sữa tắm gội trẻ em Rubber Duck 2 trong 1 400ml,771
Đèn phát sáng hình con vịt D01,772
Áo cộc tay bé gái Chong Chóng cài vai HC8989 vàng,771
Kem nghệ tươi WonMom 50g,770
Giỏ xách có nắp Nachi (Màu ngẫu nhiên),771
Váy hai dây bèo vai Chong Chóng tím,771
Kính râm thời trang KidsPlaza gọng dẻo 8264 C40 Red,771
Áo len bông gile cài giữa KidsPlaza HN23D (Hồng),771
Đồ chơi con vật đáng yêu CY.G-A076,772
Áo sơ mi Bibo’s caro hồng tím cổ sen,771
Đồ chơi Rubik 46 Magic Cube,772
Áo sơ mi cộc tay bé gái Bibo’s caro trắng bèo vai,771
Bánh dinh dưỡng Peitien 12 loại ngũ cốc vị phomai,771
Body sơ sinh Bibo's phối váy voan xinh xắn,771
Trái cây nghiền Hippis vị táo chuối 8573,772
Set yếm và bao chân Mom's care xanh 1415-04,771
Vitamin D3K2 MK7 Sanct Bernhard Drops 10ml,770
Hello Kitty - Rèn luyện khả năng quan sát (Tô màu),772
Nước rửa bình sữa Dr.Spock Organic 450ml,771
Khăn khô đa năng Bibo's 250g,772
Cổ tích Việt Nam cho bé mẫu giáo - Anh học trò và ba con quỷ,772
Máy hâm sữa và thức ăn 4in1 Fatzbaby màu trắng,770
Đồ chơi robot vui nhộn có nhạc đèn CY.99444-2,771
Bao chân bo sơ sinh Bibo's tre TMQS 1850 ghi,772
Bánh ăn dặm Baby Ball Thỏ 50g hàng Nhật cho bé 5M+,772
Đồ chơi ô tô NM19.67-I868,772
Chăn ủ cho bé KidsPlaza Otis ND23T (Trắng xanh),771
Khăn sữa xuất Nhật Kidsplaza 3 lớp,772
"Máy đa năng điện tử tiệt trùng, hâm sữa, nấu cháo, đun nước Multimax 2 Plus FatzBaby FB9025SL",759
Tất trẻ em chống trượt EK03 BL size 18 - 36M,772
Bộ 2 núm ty Pur Advanced size L cổ thường PUR1813 (Trên 6 tháng),771
Đồ chơi vận động tháp bóng lăn Sato,771
Bộ đồ chơi hộp câu cá phát nhạc LAToys hình con cua (Trên 3 tuổi),771
Kẹo sáng tạo thế giới kem chocolate 27g,771
Khay ăn 3 ngăn kèm khay để cốc KBN (Trắng),772
Set 2 khăn xô tắm Hudson Baby 50438,770
Bao chân sơ sinh Bibo's in tràn thỏ hồng,772
Áo sơ sinh cài giữa dài tay Bibo's We Bare Bears in tràn hồng,772
Dầu gội và sữa tắm 2 in 1 Mustela,770
Túi đeo chéo popit 3450,771
Bộ quần áo bé trai cộc tay cài vai in hươu ghi KidsPlaza HN23H,771
Nhiệt kế hồng ngoại KidsPlaza Medical Comfort HW-B05,768
Hộp đựng mỹ phẩm trang sức xách tay gọn nhẹ XP02,768
Sữa SnowBaby số 0 Nhật 820g (0 - 12 tháng),768
Bỉm - Tã quần Moony Natural nội địa size XL 32 miếng (12 - 22kg),770
Bánh cuộn canxi việt quất Bebest 8M+,771
Bỉm - Tã quần Huggies Big Jumbo size XL 40 miếng (12 - 17kg),770
Mũ bo vành gắn nơ cute MZ7355,771
Đồ chơi lò xo cầu vồng sắc màu,772
Bỉm - Tã quần Huggies Nature siêu cao cấp size L44 miếng (cho bé 9-14kg),770
Đồ chơi cờ tướng đại,771
Áo phao gile Rabi màu hồng cánh sen (size 4 - 6Y),771
Túi giữ nhiệt bình sữa Fatzbaby Thermo 2 FB2016SL,770
Bộ cộc tay Lullaby raglan viền cổ NH137V vàng blue,771
Bộ quần áo cộc tay bé trai KidsPlaza in Balo 1991 HN23H (Trắng ghi),771
Sữa chua uống Susu hương táo nho (6*80ml) cho bé trên 8 tháng tuổi,772
"Dầu gội Kumano Salon Link cho tóc uốn, nhuộm 1000ml",770
Bao tay bo sơ sinh Bibo’s sợi tre TMQS1850 ghi,772
Sữa dê Kabrita số 1 800g (0 - 12 tháng),766
Bộ cộc cài vai Bibo’s hồng chun tay,771
Chăn xô 6 lớp trắng in họa tiết HS01,770
Bộ thun dài tay Bibo's màu ghi CNA-H100452,771
Giờ học tô màu của bé - Bảng chữ cái,772
Sách tương tác Đừng chạm vào gà con nóng nảy,771
Áo phao bơi Thomas and friend TH2007-TH,771
Quần dài sơ sinh Kiza in hình hươu cao cổ 18-24M (Trắng Vàng),772
Thùng 48 hộp sữa nước Pediasure vị vani 180 ml,761
Nước rửa bình sữa Arau Baby 500ml,771
Xe scooter đa năng có ghế ngồi kem phối đen,769
Sữa tắm gội cho bé thảo dược Ích Nhi 200ml,771
Nắp bồn cầu Rotho Babydesign Style! Ocean,768
Dầu Olive Borges nguyên chất 125ml,771
Set sơ mi gile len bé gái KidsPlaza HN23D (Trắng),770
Yếm sơ sinh Otis cho bé gái in hình ngôi sao KidsPlaza ND21H (Trắng Hồng),772
Ghế gội đầu tay vịn Việt Nhật - 2208/1908,771
Mũ len hình sóc nhỏ gắn đỉnh đầu,772
Bộ pijama cộc tay Chong Chóng vải thô thỏ hồng,771
Bộ bổ trụ cộc tay bé trai Bibo’s áo xô ghi mix quần ghi,771
Yếm in Pipi QQ (Màu ngẫu nhiên),772
Khởi đầu học viết: Tập viết các nét cơ bản,772
Yếm ăn silicone KidsPlaza BIB006 (Cam),772
Sữa bột Calokid Gold 900gr cho bé 1-10 tuổi,769
Túi bóng mầm non Sato 30 quả,771
Bánh gạo cho bé BeanStalk Canxi 20g K07Y 6M+,771
Bộ phụ kiện bình sữa Kidsme cổ rộng màu tím hồng 160241,771
Bình sữa Avent 260ml (1 - 6 tháng),770
Thìa mềm 10062 Munchkin (Màu ngẫu nhiên),772
Chậu tắm cho bé Kidsplaza Cute Duck 008 (Màu ngẫu nhiên),770
Máy hâm sữa và thức ăn 4in1 Fatzbaby màu trắng,770
Body cộc tay KidsPlaza Otis ND24H (Xanh kẻ ngang),771
Nước thạch Jelly Gumi Gumi Vitamin A vị mix quả mọng 150g,772
Móc trùm phơi quần áo Jiayi baby R2120,772
Kính trẻ em style Hàn Quốc kèm hộp đỏ SR07,771
Men vi sinh Bioplus HealthGlobal 5ml,769
Romper sơ sinh sợi tre Bibo's phối màu cá tính,771
Sách Ehon Hạt mầm của mẹ,772
Giày tập đi bé trai trắng sao LC25,771
Hạt Macadamia Nữ Hoàng 125g,771
Bát ăn bột vuông hình chuột Mickey B225-6,771
Gen bụng cho mẹ kiểu lưới,772
Móc áo mỏng trẻ em Hara 185,772
Sữa tắm gội toàn thân em bé Dnee xanh lá 200ml,772
Xe chòi chân RETRO màu trắng JH-616,767
Bánh quy ăn dặm hình thú Morinaga 86g,772
Gối lõm cho bé KidsPlaza Muslin thỏ PG23,771
Set body bé gái KidsPlaza gắn nơ HN23T (Vàng),771
Kính thời trang gọng dẻo KidsPlaza 8278 C27 Blue,771
Máy hút sữa điện đôi Fatz Resonance 5 FB1180VN-H,761
Gối chống trào KidsPlaza Muslin họa tiết cầu vòng PG23,769
Để em luôn ngoan ngoãn 1 (10 cuốn),770
Bỉm - Tã quần Molfix thiên nhiên size XXXL 24 + 6 miếng (20 - 35kg),771
Body suit cộc tay Otis KidsPlaza in Cute Girls dành cho bé gái ND21H (Hồng),771
Bánh Pigeon vị rau chân vịt 9M+,771
Vừa học vừa chơi: Những con vật nuôi - Sách bóc dán,772
Mũ thời trang KidsPlaza thêu hoa 23K-H17 (Vàng),771
Yếm tròn in hình tim Otis KidsPlaza ND22H trắng,772
Sữa Enfamil A+ Lactofree Care 400g không chứa lactose dành cho bé 0-12 tháng,770
Giúp bé đọc và nói tốt hơn - Cả nhà bên nhau,772
Bánh gạo organic Happy Food vị chuối lọ 40g,771
Sữa Glucerna Vani 800g cho người mắc bệnh đái tháo đường,766
Váy tutu công chúa đính nơ cao cấp màu hồng,770
Đồ chơi nhà tắm 8 chi tiết hình vịt vàng,771
Body tam giác bé trai Bibos bổ trụ,771
Cẩm nang sinh hoạt bằng tranh cho bé - Tập 4 - Kĩ năng giao tiếp,772
Xe lắc cao cấp Playkids N1 màu vàng,763
Bộ đồ chơi nhà bếp Merx MX0158265,772
Bảng gỗ bé vui học chữ Winwin Toys 68442,772
Bộ sơ sinh cài giữa cộc tay Bibos sợi tre siêu thoáng in tràn,771
Lăn chống muỗi Chicco 60ml,770
Chân váy kim tuyến Bibo's hồng,771
Sữa Meiji Kids Formula 900g (3 - 10 tuổi),768
Áo cộc tay bé trai Bibo's trắng phối gile đen,771
Ruốc cá hồi Nhật Bản Happy Foods 0606,771
Sữa tắm Lactacyd Milky 250ml mới,771
Tăm bông thân giấy KidsPlaza,772
Dép sandal tập đi KidsPlaza 22K-S12 hình sư tử,771
Tinh dầu tràm Hoàng Cung 50ml,771
Lưới đỡ tắm bé Kuku 1010,770
Bảng chữ cái Tiếng Việt và số biết nói màu vàng,771
Ghế ngồi ô tô Gluck Baby ZY-02 Xám dành cho bé độ tuổi (0-6M),758
Ngũ cốc mẹ bầu Anpaso hộp 450g,770
Set 5 đôi tất lưới ngộ nghĩnh BG YSS-04,772
Tất sơ sinh Kiza 2018bss-546 set 3 đôi (6-24M),772
Bột gạo trắng nấu cháo Nguyên vị Bebest (4M+),771
Bộ quần áo cộc tay KidsPlaza hình thỏ in PEEPS HN23H (Trắng ghi),771
Dầu ăn Olive Olympias 100ml,771
Thú nhún bơm hơi hình hươu hồng,768
Yến sào Khánh Hòa chưng đường phèn ( Hộp 4 lọ),771
Sữa chua Bledina vị Dâu 6*55g (6M+),771
Nhiệt kế đo nước tắm màn hình LED cua đỏ,771
Bộ cộc tay kẻ trơn các màu,771
Cháo tươi Cây Thị Lươn Đậu Xanh 240g cho bé 7M+,772
Áo gile cài chéo bé trai dệt zacka KidsPlaza M23D (Xanh),771
Gấu con thông minh - chủ đề Rau củ quả,772
Hộp đựng thực phẩm Hokkaido 750ml,772
Set lót chống thấm Bibo's gấu mặt trăng,771
Khay trữ thức ăn Skater 6 ngăn 50ml,771
Gối xô sơ sinh Kidsplaza,772
Mũ len beanie họa tiết chữ MZ8112,772
"Rong biển Oliu - Canxi ăn liền 4,5g",772
Tranh truyện dân gian Việt Nam - Sự tích chú Cuội cung trăng,772
Yếm tròn Otis bé trai kẻ xanh KidsPlaza ND22T,772
Body cho bé trai KidsPlaza in hình cá heo M22D,771
Gạc vệ sinh răng miệng cho bé Baby Bro,771
Gấu bông xù cao cấp Hàn Quốc màu hồng,771
Màng bọc thực phẩm PE Shinsen 30x40000cm,770
Sữa Aptamil Advanced số 2 800g của Anh cho trẻ từ 6-12 tháng (Hàng Air),767
Giày tập đi KidsPlaza thêu gấu 23K-S3 (Vàng be),771
Máy đa năng điện tử Fatz Multimax 3 FB9322SJ,761
Nước rửa bình sữa và rau quả Dnee 500ml,771
Sữa PediaSure hương vani 850g (1 - 10 tuổi) (Giao mẫu ngẫu nhiên),767
Gặm nướu Moyuum silicone chống mút tay hình voi (Vàng),769
Bỉm - Tã dán  Bobby size XS 70 miếng (cho bé <5kg),771
Xe tập đi tròn Bibo's W2002TP7,768
Sữa đêm gạo vị mâm xôi Fruto Nyanya (200ml) 6M+,772
Bô vệ sinh cho bé 8847 hình ngựa,769
Romper đùi Bibo’s vải xô ghi thêu túi gấu,771
Bỉm - Tã dán Merries nội địa cộng miếng size M 56 + 4 miếng (6 - 11kg),770
Mũ vành bé gái Kids Plaza thêu nàng tiên cá DN22H (Xanh),771
Xe lắc phi thuyền trẻ em M618,769
Mũ len cho bé tai xoắn ngộ nghĩnh HT18,772
Mũ len sơ sinh kiểu Hàn Quốc,772
Nước yến Nutri Nest Babi Bird hũ 42g,772
Quả trứng đáng yêu của bé - Màu sắc,772
Mũ lưỡi trai KidsPlaza thêu chữ DN22H,771
Nước uống trắng da Pure White Shiseido Nhật Bản,768
Ba lô Kakoo hình ô tô màu hồng cho bé,771
Sữa Hismart Premium số 2 800g ( 6 - 12 tháng),767
Bộ bóng chữ Happy Birthday màu vàng,772
Body sơ sinh dài tay KidsPlaza in rùa HN21T (Trắng),771
Sữa tươi UHT Đà Lạt True Milk không đường (Lốc 4 hộp x 180ml),772
Đồ chơi sáng tạo hươu cao cổ lò xo có đèn,772
Đai xe máy hoạt hình AC,771
Núm ty Pigeon silicon siêu mềm lỗ chữ Y (vỉ 2 cái),771
Quần dài Rabi len tăm,772
Giá úp bình sữa Pearl Metal trắng,771
Bao tay bo sơ sinh Bibo's sợi tre TMQS1850 hồng đậm,772
Áo dài tay Rabi petit,772
Mũ tai thú sơ sinh Bibo's QS1804 hồng,772
Set 2 mũ sơ sinh cotton buộc dây KidsPlaza BA21 (Xanh dương),772
Nhiệt kế đo sữa Moaz Bébé MB - 020,770
Bộ quần áo dài tay cài giữa KidsPlaza Otis in hình ND24H,771
Bộ quần áo dài tay cài chéo KidsPlaza in hươu HN23H (Vàng),771
Áo khoác bé gái KidsPlaza in mèo (Hồng),770
Khăn ướt Bebesup Premier có nắp 70 tờ,772
Núm ty Wesser cổ rộng size M,771
Vui chơi thông minh - Giải mã cùng phù thuỷ nhí,772
Mũ thời trang KidsPlaza thêu hươu cao cổ 23K-H13 (Be),771
Giày lông gấu con màu hồng RC-5155,771
Búp bê bông cô tiên hồng xinh xắn 88025,771
Váy bé gái polo KidsPlaza tay bèo thêu thỏ HN23H (Hồng),771
Áo sơ sinh dài tay KidsPlaza in hình chú heo (Trắng hồng) 6-9M,772
Dụng cụ hâm sữa xách tay Fatz Ready 1 FB3101TN,770
Hút mũi dây cho bé Bebe Confort,771
Chậu tắm nhỏ Kuku KU1068,769
Thảm ghép KidsPlaza Red Sakura,770
Body dài tay bé gái Bibo's 1075 trắng tặng băng đô,771
Sữa Aptamil Profutura Úc số 1 900g cho bé 0-6M,766
Romper bé trai Bibo's gile HTM - CA472 trắng,771
Set body cộc tay mix quần dài Bibo's ghi in gấu,771
Sữa bột Enfagrow Premium Toddler cho bé từ 1+ 907g,766
Bộ quần áo dài tay cài giữa KidsPlaza Otis ND23T (Trắng hồng),771
